Workbook

Sheet _Inicio
B1: Registro de visitantes, cantón Patate
B2: Cada establecimiento anota aquí sus visitantes por mes. El tablero se actualiza solo, cada pocos minutos.
B4: Cómo agregar un establecimiento
B5: 1. Duplique la pestaña Plantilla | C5: Clic derecho sobre la pestaña Plantilla y elija Duplicar.
B6: 2. Renombre la copia | C6: Use el nombre del local. Ese nombre es el que aparece en el tablero.
B7: 3. Llene una fila por mes, origen y motivo | C7: Escriba el año, el mes, el país, la ciudad (solo si es Ecuador) y el motivo. Luego escriba cuántas mujeres y cuántos hombres hubo en cada rango de edad.
B8: 4. Espere unos minutos | C8: El establecimiento aparece solo en el tablero.
B10: Qué escribe usted y qué calcula la hoja
B11: Año, Mes, País, Ciudad, Motivo | C11: Con la lista desplegable. Para extranjeros deje la ciudad vacía.
B12: Mujeres y Hombres por rango de edad | C12: Ocho números enteros: 0-30, 31-45, 46-60 y 61 o más años. Si no hubo, déjelo vacío o escriba 0.
B13: Personas con discapacidad | C13: Cuántas de esas personas tenían alguna discapacidad. No puede superar el total de visitantes de la fila.
B14: Columnas grises | C14: Provincia, Total mujeres, Total hombres, Total visitantes, Nacionales, Extranjeros y Estado las calcula la hoja: no se escriben.
B15: Estado | C15: Dice OK cuando la fila está bien. Si no, la fila se pinta de rojo y explica qué corregir. Una fila en rojo no se publica en el tablero.
B17: Qué es cada pestaña
B18: Pestaña | C18: Para qué sirve | D18: ¿Se edita?
B19: _Inicio | C19: Esta guía. El tablero no la lee. | D19: No
B20: _Catalogos | C20: Las opciones de los desplegables, en cuatro bloques: Listas, Países, Ciudades y Provincias. Agregue al final de cada bloque. Para ordenar, seleccione el bloque completo (Datos > Ordenar rango). | D20: Solo al final de cada lista
B21: Plantilla | C21: Modelo vacío con los desplegables y las fórmulas. Se duplica, no se llena. | D21: No
B22: Las demás | C22: Un establecimiento cada una. | D22: Sí, cada local la suya
B24: Reglas
B25: • No cambie ni mueva los encabezados de las columnas.
B26: • Use siempre los desplegables. Extranjeros: deje vacía la ciudad.
B27: • No escriba datos personales: ni nombres, ni cédulas, ni teléfonos. La discapacidad se publica solo como cifra agregada.
B28: • Para que nadie escriba sobre las columnas grises, protéjalas en Google Sheets: Datos > Proteger hojas y rangos.
B29: • Las pestañas que todavía usan el formato anterior (Cantidad, Edad y Género) siguen funcionando. No mezcle los dos formatos en una misma pestaña.

Sheet _Catalogos
A1: Año | B1: Mes | C1: Motivo | D1: Género | F1: País | G1: Pais_Lat | H1: Pais_Lon | J1: Ciudad | K1: Ciudad_Provincia | L1: Ciudad_Lat | M1: Ciudad_Lon | O1: Provincia | P1: Provincia_Lat | Q1: Provincia_Lon
A2: 2025 | B2: Enero | C2: Turismo | D2: Masculino | F2: Afganistán | G2: 33 | H2: 65 | J2: 24 de Mayo | K2: Manabí | L2: -1.3829 | M2: -80.3748 | O2: Azuay | P2: -3.02 | Q2: -79.15
A3: 2026 | B3: Febrero | C3: Gastronomía | D3: Femenino | F3: Albania | G3: 41 | H3: 20 | J3: Aguarico | K3: Orellana | L3: -0.9497 | M3: -75.8822 | O3: Bolívar | P3: -1.59 | Q3: -79.11
A4: 2027 | B4: Marzo | C4: Descanso | D4: Otro | F4: Alemania | G4: 51.1657 | H4: 10.4515 | J4: Alausí | K4: Chimborazo | L4: -2.2 | M4: -78.85 | O4: Cañar | P4: -2.54 | Q4: -79.02
B5: Abril | C5: Visita familiar | F5: Andorra | G5: 42.5 | H5: 1.5 | J5: Alfredo Baquerizo Moreno | K5: Guayas | L5: -1.9469 | M5: -79.5474 | O5: Carchi | P5: 0.77 | Q5: -78.08
B6: Mayo | C6: Evento | F6: Angola | G6: -12.5 | H6: 18.5 | J6: Ambato | K6: Tungurahua | L6: -1.2491 | M6: -78.6168 | O6: Chimborazo | P6: -1.97 | Q6: -78.72
B7: Junio | C7: Negocios | F7: Antigua y Barbuda | G7: 17.05 | H7: -61.8 | J7: Arajuno | K7: Pastaza | L7: -1.3189 | M7: -76.73 | O7: Cotopaxi | P7: -0.86 | Q7: -78.86
B8: Julio | C8: Ocio | F8: Arabia Saudí | G8: 25 | H8: 45 | J8: Archidona | K8: Napo | L8: -0.91 | M8: -77.81 | O8: El Oro | P8: -3.51 | Q8: -79.83
B9: Agosto | F9: Argelia | G9: 28 | H9: 3 | J9: Arenillas | K9: El Oro | L9: -3.55 | M9: -80.06 | O9: Esmeraldas | P9: 0.72 | Q9: -79.22
B10: Septiembre | F10: Argentina | G10: -38.4161 | H10: -63.6167 | J10: Atacames | K10: Esmeraldas | L10: 0.87 | M10: -79.84 | O10: Galápagos | P10: -0.56 | Q10: -90.91
B11: Octubre | F11: Armenia | G11: 40 | H11: 45 | J11: Atahualpa | K11: El Oro | L11: -3.5531 | M11: -79.717 | O11: Guayas | P11: -2.11 | Q11: -79.88
B12: Noviembre | F12: Australia | G12: -35.28 | H12: 149.13 | J12: Atuntaqui | K12: Imbabura | L12: 0.33 | M12: -78.22 | O12: Imbabura | P12: 0.41 | Q12: -78.37
B13: Diciembre | F13: Austria | G13: 48.21 | H13: 16.37 | J13: Ayampe | K13: Manabí | L13: -1.68 | M13: -80.8 | O13: Loja | P13: -4.09 | Q13: -79.65
F14: Azerbaiyán | G14: 40.5 | H14: 47.5 | J14: Azogues | K14: Cañar | L14: -2.7397 | M14: -78.8486 | O14: Los Ríos | P14: -1.35 | Q14: -79.49
F15: Bahamas | G15: 24.25 | H15: -76 | J15: Baba | K15: Los Ríos | L15: -1.681 | M15: -79.6611 | O15: Manabí | P15: -0.76 | Q15: -80.14
F16: Bahrein | G16: 26 | H16: 50.55 | J16: Babahoyo | K16: Los Ríos | L16: -1.8022 | M16: -79.5344 | O16: Morona Santiago | P16: -2.56 | Q16: -78.01
F17: Bangladesh | G17: 24 | H17: 90 | J17: Baeza | K17: Napo | L17: -0.46 | M17: -77.89 | O17: Napo | P17: -0.65 | Q17: -77.82
F18: Barbados | G18: 13.166667 | H18: -59.533333 | J18: Bahía de Caráquez | K18: Manabí | L18: -0.6 | M18: -80.42 | O18: Orellana | P18: -0.78 | Q18: -76.36
F19: Bélgica | G19: 50.85 | H19: 4.35 | J19: Balao | K19: Guayas | L19: -2.8926 | M19: -79.7341 | O19: Pastaza | P19: -1.71 | Q19: -76.87
F20: Belice | G20: 17.25 | H20: -88.77 | J20: Balsas | K20: El Oro | L20: -3.7688 | M20: -79.8377 | O20: Pichincha | P20: -0.11 | Q20: -78.6
F21: Benín | G21: 9.5 | H21: 2.25 | J21: Balzar | K21: Guayas | L21: -1.36 | M21: -79.9 | O21: Santa Elena | P21: -2.14 | Q21: -80.58
F22: Bielorrusia | G22: 53 | H22: 28 | J22: Baños | K22: Tungurahua | L22: -1.3964 | M22: -78.4247 | O22: Santo Domingo de los Tsáchilas | P22: -0.26 | Q22: -79.22
F23: Bolivia | G23: -16.49 | H23: -68.15 | J23: Baños de Agua Santa | K23: Tungurahua | L23: -1.3366 | M23: -78.2734 | O23: Sucumbíos | P23: -0.01 | Q23: -76.57
F24: Bosnia y Herzegovina | G24: 44 | H24: 18 | J24: Biblián | K24: Cañar | L24: -2.72 | M24: -78.89 | O24: Tungurahua | P24: -1.29 | Q24: -78.51
F25: Botswana | G25: -22 | H25: 24 | J25: Bolívar (Carchi) | K25: Carchi | L25: 0.4756 | M25: -77.9228 | O25: Zamora Chinchipe | P25: -4.17 | Q25: -78.91
F26: Brasil | G26: -15.79 | H26: -47.88 | J26: Bolívar (Manabí) | K26: Manabí | L26: -0.9095 | M26: -80.0339
F27: Brunei | G27: 4.5 | H27: 114.66667 | J27: Buena Fe | K27: Los Ríos | L27: -0.89 | M27: -79.49
F28: Bulgaria | G28: 43 | H28: 25 | J28: Caluma | K28: Bolívar | L28: -1.63 | M28: -79.25
F29: Burkina Faso | G29: 13 | H29: -2 | J29: Camilo Ponce Enríquez | K29: Azuay | L29: -2.9778 | M29: -79.5986
F30: Burundi | G30: -3.5 | H30: 30 | J30: Canoa | K30: Manabí | L30: -0.46 | M30: -80.46
F31: Bután | G31: 27.5 | H31: 90.5 | J31: Cañar | K31: Cañar | L31: -2.56 | M31: -78.94
F32: Cabo Verde | G32: 16 | H32: -24 | J32: Cariamanga | K32: Loja | L32: -4.33 | M32: -79.55
F33: Camboya | G33: 13 | H33: 105 | J33: Carlos Julio Arosemena Tola | K33: Napo | L33: -1.1641 | M33: -77.94
F34: Camerún | G34: 6 | H34: 12 | J34: Cascales | K34: Sucumbíos | L34: 0.1458 | M34: -77.2329
F35: Canadá | G35: 56.1304 | H35: -106.3468 | J35: Catamayo | K35: Loja | L35: -3.99 | M35: -79.36
F36: Catar | G36: 25.5 | H36: 51.25 | J36: Cayambe | K36: Pichincha | L36: 0.04 | M36: -78.15
F37: Chad | G37: 15 | H37: 19 | J37: Celica | K37: Loja | L37: -4.1677 | M37: -80.0296
... F196: Zimbabue | G196: -20 | H196: 30 | J196: San Vicente | K196: Manabí | L196: -0.4775 | M196: -80.3592
J197: Sangolquí | K197: Pichincha | L197: -0.31 | M197: -78.45
J198: Santa Ana | K198: Manabí | L198: -1.1961 | M198: -80.2124
J199: Santa Clara | K199: Pastaza | L199: -1.2736 | M199: -77.8642
J200: Santa Elena | K200: Santa Elena | L200: -2.23 | M200: -80.86
J201: Santa Isabel | K201: Azuay | L201: -3.27 | M201: -79.31
J202: Santa Lucía | K202: Guayas | L202: -1.7145 | M202: -80.0352
J203: Santa Rosa | K203: El Oro | L203: -3.45 | M203: -79.96
J204: Santiago de Méndez | K204: Morona Santiago | L204: -2.73 | M204: -78.32
J205: Santo Domingo | K205: Santo Domingo de los Tsáchilas | L205: -0.253 | M205: -79.1754
J206: Saquisilí | K206: Cotopaxi | L206: -0.84 | M206: -78.67
J207: Saraguro | K207: Loja | L207: -3.62 | M207: -79.23
J208: Sevilla de Oro | K208: Azuay | L208: -2.6783 | M208: -78.5627
... J238: Zumba | K238: Zamora Chinchipe | L238: -4.87 | M238: -79.11

Sheet Plantilla
A1: Año | B1: Mes | C1: País | D1: Provincia | E1: Ciudad | F1: Motivo de visita | G1: Mujeres 0-30 | H1: Mujeres 31-45 | I1: Mujeres 46-60 | J1: Mujeres 61+ | K1: Hombres 0-30 | L1: Hombres 31-45 | M1: Hombres 46-60 | N1: Hombres 61+ | O1: Personas con discapacidad | P1: Total mujeres | Q1: Total hombres | R1: Total visitantes | S1: Nacionales | T1: Extranjeros | U1: Estado
D2: =IF(E2="","",IFERROR(VLOOKUP(E2,'_Catalogos'!$J$2:$K$1000,2,FALSE),"")) | P2: =IF(COUNT(G2:O2)=0,"",SUM(G2:J2)) | Q2: =IF(COUNT(G2:O2)=0,"",SUM(K2:N2)) | R2: =IF(P2="","",P2+Q2) | S2: =IF(R2="","",IF(C2="Ecuador",R2,0)) | T2: =IF(R2="","",R2-S2) | U2: =IF(R2="","",IF(O2>R2,"Revisar: discapacidad "&O2&" mayor que el total "&R2,IF(OR(A2="",B2="",C2="",F2=""),"Falta año, mes, país o motivo",IF(AND(C2="Ecuador",E2=""),"Falta la ciudad","OK"))))
D3: =IF(E3="","",IFERROR(VLOOKUP(E3,'_Catalogos'!$J$2:$K$1000,2,FALSE),"")) | P3: =IF(COUNT(G3:O3)=0,"",SUM(G3:J3)) | Q3: =IF(COUNT(G3:O3)=0,"",SUM(K3:N3)) | R3: =IF(P3="","",P3+Q3) | S3: =IF(R3="","",IF(C3="Ecuador",R3,0)) | T3: =IF(R3="","",R3-S3) | U3: =IF(R3="","",IF(O3>R3,"Revisar: discapacidad "&O3&" mayor que el total "&R3,IF(OR(A3="",B3="",C3="",F3=""),"Falta año, mes, país o motivo",IF(AND(C3="Ecuador",E3=""),"Falta la ciudad","OK"))))
D4: =IF(E4="","",IFERROR(VLOOKUP(E4,'_Catalogos'!$J$2:$K$1000,2,FALSE),"")) | P4: =IF(COUNT(G4:O4)=0,"",SUM(G4:J4)) | Q4: =IF(COUNT(G4:O4)=0,"",SUM(K4:N4)) | R4: =IF(P4="","",P4+Q4) | S4: =IF(R4="","",IF(C4="Ecuador",R4,0)) | T4: =IF(R4="","",R4-S4) | U4: =IF(R4="","",IF(O4>R4,"Revisar: discapacidad "&O4&" mayor que el total "&R4,IF(OR(A4="",B4="",C4="",F4=""),"Falta año, mes, país o motivo",IF(AND(C4="Ecuador",E4=""),"Falta la ciudad","OK"))))
D5: =IF(E5="","",IFERROR(VLOOKUP(E5,'_Catalogos'!$J$2:$K$1000,2,FALSE),"")) | P5: =IF(COUNT(G5:O5)=0,"",SUM(G5:J5)) | Q5: =IF(COUNT(G5:O5)=0,"",SUM(K5:N5)) | R5: =IF(P5="","",P5+Q5) | S5: =IF(R5="","",IF(C5="Ecuador",R5,0)) | T5: =IF(R5="","",R5-S5) | U5: =IF(R5="","",IF(O5>R5,"Revisar: discapacidad "&O5&" mayor que el total "&R5,IF(OR(A5="",B5="",C5="",F5=""),"Falta año, mes, país o motivo",IF(AND(C5="Ecuador",E5=""),"Falta la ciudad","OK"))))
D6: =IF(E6="","",IFERROR(VLOOKUP(E6,'_Catalogos'!$J$2:$K$1000,2,FALSE),"")) | P6: =IF(COUNT(G6:O6)=0,"",SUM(G6:J6)) | Q6: =IF(COUNT(G6:O6)=0,"",SUM(K6:N6)) | R6: =IF(P6="","",P6+Q6) | S6: =IF(R6="","",IF(C6="Ecuador",R6,0)) | T6: =IF(R6="","",R6-S6) | U6: =IF(R6="","",IF(O6>R6,"Revisar: discapacidad "&O6&" mayor que el total "&R6,IF(OR(A6="",B6="",C6="",F6=""),"Falta año, mes, país o motivo",IF(AND(C6="Ecuador",E6=""),"Falta la ciudad","OK"))))
D7: =IF(E7="","",IFERROR(VLOOKUP(E7,'_Catalogos'!$J$2:$K$1000,2,FALSE),"")) | P7: =IF(COUNT(G7:O7)=0,"",SUM(G7:J7)) | Q7: =IF(COUNT(G7:O7)=0,"",SUM(K7:N7)) | R7: =IF(P7="","",P7+Q7) | S7: =IF(R7="","",IF(C7="Ecuador",R7,0)) | T7: =IF(R7="","",R7-S7) | U7: =IF(R7="","",IF(O7>R7,"Revisar: discapacidad "&O7&" mayor que el total "&R7,IF(OR(A7="",B7="",C7="",F7=""),"Falta año, mes, país o motivo",IF(AND(C7="Ecuador",E7=""),"Falta la ciudad","OK"))))
D8: =IF(E8="","",IFERROR(VLOOKUP(E8,'_Catalogos'!$J$2:$K$1000,2,FALSE),"")) | P8: =IF(COUNT(G8:O8)=0,"",SUM(G8:J8)) | Q8: =IF(COUNT(G8:O8)=0,"",SUM(K8:N8)) | R8: =IF(P8="","",P8+Q8) | S8: =IF(R8="","",IF(C8="Ecuador",R8,0)) | T8: =IF(R8="","",R8-S8) | U8: =IF(R8="","",IF(O8>R8,"Revisar: discapacidad "&O8&" mayor que el total "&R8,IF(OR(A8="",B8="",C8="",F8=""),"Falta año, mes, país o motivo",IF(AND(C8="Ecuador",E8=""),"Falta la ciudad","OK"))))
D9: =IF(E9="","",IFERROR(VLOOKUP(E9,'_Catalogos'!$J$2:$K$1000,2,FALSE),"")) | P9: =IF(COUNT(G9:O9)=0,"",SUM(G9:J9)) | Q9: =IF(COUNT(G9:O9)=0,"",SUM(K9:N9)) | R9: =IF(P9="","",P9+Q9) | S9: =IF(R9="","",IF(C9="Ecuador",R9,0)) | T9: =IF(R9="","",R9-S9) | U9: =IF(R9="","",IF(O9>R9,"Revisar: discapacidad "&O9&" mayor que el total "&R9,IF(OR(A9="",B9="",C9="",F9=""),"Falta año, mes, país o motivo",IF(AND(C9="Ecuador",E9=""),"Falta la ciudad","OK"))))
D10: =IF(E10="","",IFERROR(VLOOKUP(E10,'_Catalogos'!$J$2:$K$1000,2,FALSE),"")) | P10: =IF(COUNT(G10:O10)=0,"",SUM(G10:J10)) | Q10: =IF(COUNT(G10:O10)=0,"",SUM(K10:N10)) | R10: =IF(P10="","",P10+Q10) | S10: =IF(R10="","",IF(C10="Ecuador",R10,0)) | T10: =IF(R10="","",R10-S10) | U10: =IF(R10="","",IF(O10>R10,"Revisar: discapacidad "&O10&" mayor que el total "&R10,IF(OR(A10="",B10="",C10="",F10=""),"Falta año, mes, país o motivo",IF(AND(C10="Ecuador",E10=""),"Falta la ciudad","OK"))))
D11: =IF(E11="","",IFERROR(VLOOKUP(E11,'_Catalogos'!$J$2:$K$1000,2,FALSE),"")) | P11: =IF(COUNT(G11:O11)=0,"",SUM(G11:J11)) | Q11: =IF(COUNT(G11:O11)=0,"",SUM(K11:N11)) | R11: =IF(P11="","",P11+Q11) | S11: =IF(R11="","",IF(C11="Ecuador",R11,0)) | T11: =IF(R11="","",R11-S11) | U11: =IF(R11="","",IF(O11>R11,"Revisar: discapacidad "&O11&" mayor que el total "&R11,IF(OR(A11="",B11="",C11="",F11=""),"Falta año, mes, país o motivo",IF(AND(C11="Ecuador",E11=""),"Falta la ciudad","OK"))))
D12: =IF(E12="","",IFERROR(VLOOKUP(E12,'_Catalogos'!$J$2:$K$1000,2,FALSE),"")) | P12: =IF(COUNT(G12:O12)=0,"",SUM(G12:J12)) | Q12: =IF(COUNT(G12:O12)=0,"",SUM(K12:N12)) | R12: =IF(P12="","",P12+Q12) | S12: =IF(R12="","",IF(C12="Ecuador",R12,0)) | T12: =IF(R12="","",R12-S12) | U12: =IF(R12="","",IF(O12>R12,"Revisar: discapacidad "&O12&" mayor que el total "&R12,IF(OR(A12="",B12="",C12="",F12=""),"Falta año, mes, país o motivo",IF(AND(C12="Ecuador",E12=""),"Falta la ciudad","OK"))))
D13: =IF(E13="","",IFERROR(VLOOKUP(E13,'_Catalogos'!$J$2:$K$1000,2,FALSE),"")) | P13: =IF(COUNT(G13:O13)=0,"",SUM(G13:J13)) | Q13: =IF(COUNT(G13:O13)=0,"",SUM(K13:N13)) | R13: =IF(P13="","",P13+Q13) | S13: =IF(R13="","",IF(C13="Ecuador",R13,0)) | T13: =IF(R13="","",R13-S13) | U13: =IF(R13="","",IF(O13>R13,"Revisar: discapacidad "&O13&" mayor que el total "&R13,IF(OR(A13="",B13="",C13="",F13=""),"Falta año, mes, país o motivo",IF(AND(C13="Ecuador",E13=""),"Falta la ciudad","OK"))))
... D600: =IF(E600="","",IFERROR(VLOOKUP(E600,'_Catalogos'!$J$2:$K$1000,2,FALSE),"")) | P600: =IF(COUNT(G600:O600)=0,"",SUM(G600:J600)) | Q600: =IF(COUNT(G600:O600)=0,"",SUM(K600:N600)) | R600: =IF(P600="","",P600+Q600) | S600: =IF(R600="","",IF(C600="Ecuador",R600,0)) | T600: =IF(R600="","",R600-S600) | U600: =IF(R600="","",IF(O600>R600,"Revisar: discapacidad "&O600&" mayor que el total "&R600,IF(OR(A600="",B600="",C600="",F600=""),"Falta año, mes, país o motivo",IF(AND(C600="Ecuador",E600=""),"Falta la ciudad","OK"))))

Sheet Heladería Las Orquídeas
A1: Año | B1: Mes | C1: País | D1: Provincia | E1: Ciudad | F1: Motivo de visita | G1: Mujeres 0-30 | H1: Mujeres 31-45 | I1: Mujeres 46-60 | J1: Mujeres 61+ | K1: Hombres 0-30 | L1: Hombres 31-45 | M1: Hombres 46-60 | N1: Hombres 61+ | O1: Personas con discapacidad | P1: Total mujeres | Q1: Total hombres | R1: Total visitantes | S1: Nacionales | T1: Extranjeros | U1: Estado
A2: 2025 | B2: Enero | C2: Ecuador | D2: =IF(E2="","",IFERROR(VLOOKUP(E2,'_Catalogos'!$J$2:$K$1000,2,FALSE),"")) -> Tungurahua | E2: Baños | F2: Visita familiar | G2: 4 | H2: 1 | I2: 2 | K2: 2 | M2: 1 | P2: =IF(COUNT(G2:O2)=0,"",SUM(G2:J2)) -> 7 | Q2: =IF(COUNT(G2:O2)=0,"",SUM(K2:N2)) -> 3 | R2: =IF(P2="","",P2+Q2) -> 10 | S2: =IF(R2="","",IF(C2="Ecuador",R2,0)) -> 10 | T2: =IF(R2="","",R2-S2) -> 0 | U2: =IF(R2="","",IF(O2>R2,"Revisar: discapacidad "&O2&" mayor que el total "&R2,IF(OR(A2="",B2="",C2="",F2=""),"Falta año, mes, país o motivo",IF(AND(C2="Ecuador",E2=""),"Falta la ciudad","OK")))) -> OK
A3: 2025 | B3: Enero | C3: España | D3: =IF(E3="","",IFERROR(VLOOKUP(E3,'_Catalogos'!$J$2:$K$1000,2,FALSE),"")) | F3: Descanso | H3: 1 | I3: 2 | L3: 2 | P3: =IF(COUNT(G3:O3)=0,"",SUM(G3:J3)) -> 3 | Q3: =IF(COUNT(G3:O3)=0,"",SUM(K3:N3)) -> 2 | R3: =IF(P3="","",P3+Q3) -> 5 | S3: =IF(R3="","",IF(C3="Ecuador",R3,0)) -> 0 | T3: =IF(R3="","",R3-S3) -> 5 | U3: =IF(R3="","",IF(O3>R3,"Revisar: discapacidad "&O3&" mayor que el total "&R3,IF(OR(A3="",B3="",C3="",F3=""),"Falta año, mes, país o motivo",IF(AND(C3="Ecuador",E3=""),"Falta la ciudad","OK")))) -> OK
A4: 2025 | B4: Enero | C4: Ecuador | D4: =IF(E4="","",IFERROR(VLOOKUP(E4,'_Catalogos'!$J$2:$K$1000,2,FALSE),"")) -> Imbabura | E4: Ibarra | F4: Gastronomía | G4: 2 | I4: 1 | J4: 2 | K4: 1 | M4: 1 | P4: =IF(COUNT(G4:O4)=0,"",SUM(G4:J4)) -> 5 | Q4: =IF(COUNT(G4:O4)=0,"",SUM(K4:N4)) -> 2 | R4: =IF(P4="","",P4+Q4) -> 7 | S4: =IF(R4="","",IF(C4="Ecuador",R4,0)) -> 7 | T4: =IF(R4="","",R4-S4) -> 0 | U4: =IF(R4="","",IF(O4>R4,"Revisar: discapacidad "&O4&" mayor que el total "&R4,IF(OR(A4="",B4="",C4="",F4=""),"Falta año, mes, país o motivo",IF(AND(C4="Ecuador",E4=""),"Falta la ciudad","OK")))) -> OK
A5: 2025 | B5: Febrero | C5: Ecuador | D5: =IF(E5="","",IFERROR(VLOOKUP(E5,'_Catalogos'!$J$2:$K$1000,2,FALSE),"")) -> Azuay | E5: Cuenca | F5: Turismo | G5: 3 | H5: 1 | I5: 1 | K5: 2 | M5: 2 | P5: =IF(COUNT(G5:O5)=0,"",SUM(G5:J5)) -> 5 | Q5: =IF(COUNT(G5:O5)=0,"",SUM(K5:N5)) -> 4 | R5: =IF(P5="","",P5+Q5) -> 9 | S5: =IF(R5="","",IF(C5="Ecuador",R5,0)) -> 9 | T5: =IF(R5="","",R5-S5) -> 0 | U5: =IF(R5="","",IF(O5>R5,"Revisar: discapacidad "&O5&" mayor que el total "&R5,IF(OR(A5="",B5="",C5="",F5=""),"Falta año, mes, país o motivo",IF(AND(C5="Ecuador",E5=""),"Falta la ciudad","OK")))) -> OK
A6: 2025 | B6: Febrero | C6: Ecuador | D6: =IF(E6="","",IFERROR(VLOOKUP(E6,'_Catalogos'!$J$2:$K$1000,2,FALSE),"")) -> Cotopaxi | E6: Salcedo | F6: Turismo | G6: 1 | H6: 2 | I6: 2 | K6: 1 | L6: 1 | M6: 1 | N6: 2 | P6: =IF(COUNT(G6:O6)=0,"",SUM(G6:J6)) -> 5 | Q6: =IF(COUNT(G6:O6)=0,"",SUM(K6:N6)) -> 5 | R6: =IF(P6="","",P6+Q6) -> 10 | S6: =IF(R6="","",IF(C6="Ecuador",R6,0)) -> 10 | T6: =IF(R6="","",R6-S6) -> 0 | U6: =IF(R6="","",IF(O6>R6,"Revisar: discapacidad "&O6&" mayor que el total "&R6,IF(OR(A6="",B6="",C6="",F6=""),"Falta año, mes, país o motivo",IF(AND(C6="Ecuador",E6=""),"Falta la ciudad","OK")))) -> OK
A7: 2025 | B7: Marzo | C7: Colombia | D7: =IF(E7="","",IFERROR(VLOOKUP(E7,'_Catalogos'!$J$2:$K$1000,2,FALSE),"")) | F7: Gastronomía | H7: 3 | I7: 1 | K7: 1 | M7: 2 | P7: =IF(COUNT(G7:O7)=0,"",SUM(G7:J7)) -> 4 | Q7: =IF(COUNT(G7:O7)=0,"",SUM(K7:N7)) -> 3 | R7: =IF(P7="","",P7+Q7) -> 7 | S7: =IF(R7="","",IF(C7="Ecuador",R7,0)) -> 0 | T7: =IF(R7="","",R7-S7) -> 7 | U7: =IF(R7="","",IF(O7>R7,"Revisar: discapacidad "&O7&" mayor que el total "&R7,IF(OR(A7="",B7="",C7="",F7=""),"Falta año, mes, país o motivo",IF(AND(C7="Ecuador",E7=""),"Falta la ciudad","OK")))) -> OK
A8: 2025 | B8: Marzo | C8: Ecuador | D8: =IF(E8="","",IFERROR(VLOOKUP(E8,'_Catalogos'!$J$2:$K$1000,2,FALSE),"")) -> Guayas | E8: Guayaquil | F8: Turismo | H8: 1 | K8: 1 | L8: 2 | M8: 1 | P8: =IF(COUNT(G8:O8)=0,"",SUM(G8:J8)) -> 1 | Q8: =IF(COUNT(G8:O8)=0,"",SUM(K8:N8)) -> 4 | R8: =IF(P8="","",P8+Q8) -> 5 | S8: =IF(R8="","",IF(C8="Ecuador",R8,0)) -> 5 | T8: =IF(R8="","",R8-S8) -> 0 | U8: =IF(R8="","",IF(O8>R8,"Revisar: discapacidad "&O8&" mayor que el total "&R8,IF(OR(A8="",B8="",C8="",F8=""),"Falta año, mes, país o motivo",IF(AND(C8="Ecuador",E8=""),"Falta la ciudad","OK")))) -> OK
A9: 2025 | B9: Marzo | C9: Ecuador | D9: =IF(E9="","",IFERROR(VLOOKUP(E9,'_Catalogos'!$J$2:$K$1000,2,FALSE),"")) -> Pichincha | E9: Quito | F9: Turismo | G9: 1 | H9: 1 | I9: 2 | L9: 1 | M9: 1 | P9: =IF(COUNT(G9:O9)=0,"",SUM(G9:J9)) -> 4 | Q9: =IF(COUNT(G9:O9)=0,"",SUM(K9:N9)) -> 2 | R9: =IF(P9="","",P9+Q9) -> 6 | S9: =IF(R9="","",IF(C9="Ecuador",R9,0)) -> 6 | T9: =IF(R9="","",R9-S9) -> 0 | U9: =IF(R9="","",IF(O9>R9,"Revisar: discapacidad "&O9&" mayor que el total "&R9,IF(OR(A9="",B9="",C9="",F9=""),"Falta año, mes, país o motivo",IF(AND(C9="Ecuador",E9=""),"Falta la ciudad","OK")))) -> OK
A10: 2025 | B10: Marzo | C10: Chile | D10: =IF(E10="","",IFERROR(VLOOKUP(E10,'_Catalogos'!$J$2:$K$1000,2,FALSE),"")) | F10: Turismo | I10: 1 | K10: 1 | O10: 2 | P10: =IF(COUNT(G10:O10)=0,"",SUM(G10:J10)) -> 1 | Q10: =IF(COUNT(G10:O10)=0,"",SUM(K10:N10)) -> 1 | R10: =IF(P10="","",P10+Q10) -> 2 | S10: =IF(R10="","",IF(C10="Ecuador",R10,0)) -> 0 | T10: =IF(R10="","",R10-S10) -> 2 | U10: =IF(R10="","",IF(O10>R10,"Revisar: discapacidad "&O10&" mayor que el total "&R10,IF(OR(A10="",B10="",C10="",F10=""),"Falta año, mes, país o motivo",IF(AND(C10="Ecuador",E10=""),"Falta la ciudad","OK")))) -> OK
A11: 2025 | B11: Abril | C11: Ecuador | D11: =IF(E11="","",IFERROR(VLOOKUP(E11,'_Catalogos'!$J$2:$K$1000,2,FALSE),"")) -> Tungurahua | E11: Ambato | F11: Gastronomía | H11: 2 | J11: 1 | K11: 1 | L11: 3 | M11: 2 | N11: 1 | P11: =IF(COUNT(G11:O11)=0,"",SUM(G11:J11)) -> 3 | Q11: =IF(COUNT(G11:O11)=0,"",SUM(K11:N11)) -> 7 | R11: =IF(P11="","",P11+Q11) -> 10 | S11: =IF(R11="","",IF(C11="Ecuador",R11,0)) -> 10 | T11: =IF(R11="","",R11-S11) -> 0 | U11: =IF(R11="","",IF(O11>R11,"Revisar: discapacidad "&O11&" mayor que el total "&R11,IF(OR(A11="",B11="",C11="",F11=""),"Falta año, mes, país o motivo",IF(AND(C11="Ecuador",E11=""),"Falta la ciudad","OK")))) -> OK
A12: 2025 | B12: Abril | C12: Ecuador | D12: =IF(E12="","",IFERROR(VLOOKUP(E12,'_Catalogos'!$J$2:$K$1000,2,FALSE),"")) -> Pichincha | E12: Quito | F12: Turismo | H12: 1 | I12: 1 | M12: 1 | P12: =IF(COUNT(G12:O12)=0,"",SUM(G12:J12)) -> 2 | Q12: =IF(COUNT(G12:O12)=0,"",SUM(K12:N12)) -> 1 | R12: =IF(P12="","",P12+Q12) -> 3 | S12: =IF(R12="","",IF(C12="Ecuador",R12,0)) -> 3 | T12: =IF(R12="","",R12-S12) -> 0 | U12: =IF(R12="","",IF(O12>R12,"Revisar: discapacidad "&O12&" mayor que el total "&R12,IF(OR(A12="",B12="",C12="",F12=""),"Falta año, mes, país o motivo",IF(AND(C12="Ecuador",E12=""),"Falta la ciudad","OK")))) -> OK
A13: 2025 | B13: Abril | C13: Ecuador | D13: =IF(E13="","",IFERROR(VLOOKUP(E13,'_Catalogos'!$J$2:$K$1000,2,FALSE),"")) -> Tungurahua | E13: Pelileo | F13: Turismo | G13: 1 | H13: 2 | K13: 1 | L13: 1 | N13: 1 | P13: =IF(COUNT(G13:O13)=0,"",SUM(G13:J13)) -> 3 | Q13: =IF(COUNT(G13:O13)=0,"",SUM(K13:N13)) -> 3 | R13: =IF(P13="","",P13+Q13) -> 6 | S13: =IF(R13="","",IF(C13="Ecuador",R13,0)) -> 6 | T13: =IF(R13="","",R13-S13) -> 0 | U13: =IF(R13="","",IF(O13>R13,"Revisar: discapacidad "&O13&" mayor que el total "&R13,IF(OR(A13="",B13="",C13="",F13=""),"Falta año, mes, país o motivo",IF(AND(C13="Ecuador",E13=""),"Falta la ciudad","OK")))) -> OK
A14: 2025 | B14: Abril | C14: Ecuador | D14: =IF(E14="","",IFERROR(VLOOKUP(E14,'_Catalogos'!$J$2:$K$1000,2,FALSE),"")) -> Loja | E14: Loja | F14: Descanso | G14: 1 | I14: 1 | M14: 1 | N14: 1 | P14: =IF(COUNT(G14:O14)=0,"",SUM(G14:J14)) -> 2 | Q14: =IF(COUNT(G14:O14)=0,"",SUM(K14:N14)) -> 2 | R14: =IF(P14="","",P14+Q14) -> 4 | S14: =IF(R14="","",IF(C14="Ecuador",R14,0)) -> 4 | T14: =IF(R14="","",R14-S14) -> 0 | U14: =IF(R14="","",IF(O14>R14,"Revisar: discapacidad "&O14&" mayor que el total "&R14,IF(OR(A14="",B14="",C14="",F14=""),"Falta año, mes, país o motivo",IF(AND(C14="Ecuador",E14=""),"Falta la ciudad","OK")))) -> OK
A15: 2025 | B15: Mayo | C15: Ecuador | D15: =IF(E15="","",IFERROR(VLOOKUP(E15,'_Catalogos'!$J$2:$K$1000,2,FALSE),"")) -> Tungurahua | E15: Ambato | F15: Gastronomía | G15: 1 | J15: 1 | L15: 3 | O15: 5 | P15: =IF(COUNT(G15:O15)=0,"",SUM(G15:J15)) -> 2 | Q15: =IF(COUNT(G15:O15)=0,"",SUM(K15:N15)) -> 3 | R15: =IF(P15="","",P15+Q15) -> 5 | S15: =IF(R15="","",IF(C15="Ecuador",R15,0)) -> 5 | T15: =IF(R15="","",R15-S15) -> 0 | U15: =IF(R15="","",IF(O15>R15,"Revisar: discapacidad "&O15&" mayor que el total "&R15,IF(OR(A15="",B15="",C15="",F15=""),"Falta año, mes, país o motivo",IF(AND(C15="Ecuador",E15=""),"Falta la ciudad","OK")))) -> OK
A16: 2025 | B16: Mayo | C16: Ecuador | D16: =IF(E16="","",IFERROR(VLOOKUP(E16,'_Catalogos'!$J$2:$K$1000,2,FALSE),"")) -> Chimborazo | E16: Riobamba | F16: Gastronomía | I16: 1 | M16: 1 | P16: =IF(COUNT(G16:O16)=0,"",SUM(G16:J16)) -> 1 | Q16: =IF(COUNT(G16:O16)=0,"",SUM(K16:N16)) -> 1 | R16: =IF(P16="","",P16+Q16) -> 2 | S16: =IF(R16="","",IF(C16="Ecuador",R16,0)) -> 2 | T16: =IF(R16="","",R16-S16) -> 0 | U16: =IF(R16="","",IF(O16>R16,"Revisar: discapacidad "&O16&" mayor que el total "&R16,IF(OR(A16="",B16="",C16="",F16=""),"Falta año, mes, país o motivo",IF(AND(C16="Ecuador",E16=""),"Falta la ciudad","OK")))) -> OK
A17: 2025 | B17: Junio | C17: Ecuador | D17: =IF(E17="","",IFERROR(VLOOKUP(E17,'_Catalogos'!$J$2:$K$1000,2,FALSE),"")) -> Pichincha | E17: Quito | F17: Evento | G17: 1 | H17: 1 | I17: 2 | J17: 1 | N17: 1 | P17: =IF(COUNT(G17:O17)=0,"",SUM(G17:J17)) -> 5 | Q17: =IF(COUNT(G17:O17)=0,"",SUM(K17:N17)) -> 1 | R17: =IF(P17="","",P17+Q17) -> 6 | S17: =IF(R17="","",IF(C17="Ecuador",R17,0)) -> 6 | T17: =IF(R17="","",R17-S17) -> 0 | U17: =IF(R17="","",IF(O17>R17,"Revisar: discapacidad "&O17&" mayor que el total "&R17,IF(OR(A17="",B17="",C17="",F17=""),"Falta año, mes, país o motivo",IF(AND(C17="Ecuador",E17=""),"Falta la ciudad","OK")))) -> OK
A18: 2025 | B18: Junio | C18: Ecuador | D18: =IF(E18="","",IFERROR(VLOOKUP(E18,'_Catalogos'!$J$2:$K$1000,2,FALSE),"")) -> Pastaza | E18: Puyo | F18: Turismo | G18: 1 | I18: 1 | K18: 1 | L18: 1 | P18: =IF(COUNT(G18:O18)=0,"",SUM(G18:J18)) -> 2 | Q18: =IF(COUNT(G18:O18)=0,"",SUM(K18:N18)) -> 2 | R18: =IF(P18="","",P18+Q18) -> 4 | S18: =IF(R18="","",IF(C18="Ecuador",R18,0)) -> 4 | T18: =IF(R18="","",R18-S18) -> 0 | U18: =IF(R18="","",IF(O18>R18,"Revisar: discapacidad "&O18&" mayor que el total "&R18,IF(OR(A18="",B18="",C18="",F18=""),"Falta año, mes, país o motivo",IF(AND(C18="Ecuador",E18=""),"Falta la ciudad","OK")))) -> OK
A19: 2025 | B19: Junio | C19: Ecuador | D19: =IF(E19="","",IFERROR(VLOOKUP(E19,'_Catalogos'!$J$2:$K$1000,2,FALSE),"")) -> Carchi | E19: Huaca | F19: Descanso | H19: 3 | I19: 1 | K19: 2 | N19: 1 | P19: =IF(COUNT(G19:O19)=0,"",SUM(G19:J19)) -> 4 | Q19: =IF(COUNT(G19:O19)=0,"",SUM(K19:N19)) -> 3 | R19: =IF(P19="","",P19+Q19) -> 7 | S19: =IF(R19="","",IF(C19="Ecuador",R19,0)) -> 7 | T19: =IF(R19="","",R19-S19) -> 0 | U19: =IF(R19="","",IF(O19>R19,"Revisar: discapacidad "&O19&" mayor que el total "&R19,IF(OR(A19="",B19="",C19="",F19=""),"Falta año, mes, país o motivo",IF(AND(C19="Ecuador",E19=""),"Falta la ciudad","OK")))) -> OK
A20: 2025 | B20: Junio | C20: España | D20: =IF(E20="","",IFERROR(VLOOKUP(E20,'_Catalogos'!$J$2:$K$1000,2,FALSE),"")) | F20: Visita familiar | G20: 1 | H20: 1 | M20: 1 | P20: =IF(COUNT(G20:O20)=0,"",SUM(G20:J20)) -> 2 | Q20: =IF(COUNT(G20:O20)=0,"",SUM(K20:N20)) -> 1 | R20: =IF(P20="","",P20+Q20) -> 3 | S20: =IF(R20="","",IF(C20="Ecuador",R20,0)) -> 0 | T20: =IF(R20="","",R20-S20) -> 3 | U20: =IF(R20="","",IF(O20>R20,"Revisar: discapacidad "&O20&" mayor que el total "&R20,IF(OR(A20="",B20="",C20="",F20=""),"Falta año, mes, país o motivo",IF(AND(C20="Ecuador",E20=""),"Falta la ciudad","OK")))) -> OK
A21: 2025 | B21: Julio | C21: Ecuador | D21: =IF(E21="","",IFERROR(VLOOKUP(E21,'_Catalogos'!$J$2:$K$1000,2,FALSE),"")) -> Pichincha | E21: Quito | F21: Evento | H21: 1 | J21: 1 | L21: 3 | P21: =IF(COUNT(G21:O21)=0,"",SUM(G21:J21)) -> 2 | Q21: =IF(COUNT(G21:O21)=0,"",SUM(K21:N21)) -> 3 | R21: =IF(P21="","",P21+Q21) -> 5 | S21: =IF(R21="","",IF(C21="Ecuador",R21,0)) -> 5 | T21: =IF(R21="","",R21-S21) -> 0 | U21: =IF(R21="","",IF(O21>R21,"Revisar: discapacidad "&O21&" mayor que el total "&R21,IF(OR(A21="",B21="",C21="",F21=""),"Falta año, mes, país o motivo",IF(AND(C21="Ecuador",E21=""),"Falta la ciudad","OK")))) -> OK
A22: 2025 | B22: Julio | C22: Perú | D22: =IF(E22="","",IFERROR(VLOOKUP(E22,'_Catalogos'!$J$2:$K$1000,2,FALSE),"")) | F22: Turismo | G22: 3 | H22: 1 | J22: 1 | K22: 2 | L22: 2 | M22: 4 | P22: =IF(COUNT(G22:O22)=0,"",SUM(G22:J22)) -> 5 | Q22: =IF(COUNT(G22:O22)=0,"",SUM(K22:N22)) -> 8 | R22: =IF(P22="","",P22+Q22) -> 13 | S22: =IF(R22="","",IF(C22="Ecuador",R22,0)) -> 0 | T22: =IF(R22="","",R22-S22) -> 13 | U22: =IF(R22="","",IF(O22>R22,"Revisar: discapacidad "&O22&" mayor que el total "&R22,IF(OR(A22="",B22="",C22="",F22=""),"Falta año, mes, país o motivo",IF(AND(C22="Ecuador",E22=""),"Falta la ciudad","OK")))) -> OK
A23: 2025 | B23: Agosto | C23: Ecuador | D23: =IF(E23="","",IFERROR(VLOOKUP(E23,'_Catalogos'!$J$2:$K$1000,2,FALSE),"")) -> Tungurahua | E23: Ambato | F23: Turismo | G23: 5 | H23: 3 | K23: 2 | L23: 2 | M23: 1 | N23: 1 | P23: =IF(COUNT(G23:O23)=0,"",SUM(G23:J23)) -> 8 | Q23: =IF(COUNT(G23:O23)=0,"",SUM(K23:N23)) -> 6 | R23: =IF(P23="","",P23+Q23) -> 14 | S23: =IF(R23="","",IF(C23="Ecuador",R23,0)) -> 14 | T23: =IF(R23="","",R23-S23) -> 0 | U23: =IF(R23="","",IF(O23>R23,"Revisar: discapacidad "&O23&" mayor que el total "&R23,IF(OR(A23="",B23="",C23="",F23=""),"Falta año, mes, país o motivo",IF(AND(C23="Ecuador",E23=""),"Falta la ciudad","OK")))) -> OK
A24: 2025 | B24: Agosto | C24: Ecuador | D24: =IF(E24="","",IFERROR(VLOOKUP(E24,'_Catalogos'!$J$2:$K$1000,2,FALSE),"")) -> Tungurahua | E24: Pelileo | F24: Gastronomía | G24: 2 | H24: 2 | I24: 1 | K24: 5 | L24: 2 | P24: =IF(COUNT(G24:O24)=0,"",SUM(G24:J24)) -> 5 | Q24: =IF(COUNT(G24:O24)=0,"",SUM(K24:N24)) -> 7 | R24: =IF(P24="","",P24+Q24) -> 12 | S24: =IF(R24="","",IF(C24="Ecuador",R24,0)) -> 12 | T24: =IF(R24="","",R24-S24) -> 0 | U24: =IF(R24="","",IF(O24>R24,"Revisar: discapacidad "&O24&" mayor que el total "&R24,IF(OR(A24="",B24="",C24="",F24=""),"Falta año, mes, país o motivo",IF(AND(C24="Ecuador",E24=""),"Falta la ciudad","OK")))) -> OK
A25: 2025 | B25: Agosto | C25: Ecuador | D25: =IF(E25="","",IFERROR(VLOOKUP(E25,'_Catalogos'!$J$2:$K$1000,2,FALSE),"")) -> Cotopaxi | E25: Salcedo | F25: Gastronomía | H25: 2 | I25: 1 | K25: 3 | L25: 1 | N25: 1 | P25: =IF(COUNT(G25:O25)=0,"",SUM(G25:J25)) -> 3 | Q25: =IF(COUNT(G25:O25)=0,"",SUM(K25:N25)) -> 5 | R25: =IF(P25="","",P25+Q25) -> 8 | S25: =IF(R25="","",IF(C25="Ecuador",R25,0)) -> 8 | T25: =IF(R25="","",R25-S25) -> 0 | U25: =IF(R25="","",IF(O25>R25,"Revisar: discapacidad "&O25&" mayor que el total "&R25,IF(OR(A25="",B25="",C25="",F25=""),"Falta año, mes, país o motivo",IF(AND(C25="Ecuador",E25=""),"Falta la ciudad","OK")))) -> OK
A26: 2025 | B26: Agosto | C26: Argentina | D26: =IF(E26="","",IFERROR(VLOOKUP(E26,'_Catalogos'!$J$2:$K$1000,2,FALSE),"")) | F26: Turismo | H26: 1 | I26: 1 | L26: 1 | N26: 1 | O26: 4 | P26: =IF(COUNT(G26:O26)=0,"",SUM(G26:J26)) -> 2 | Q26: =IF(COUNT(G26:O26)=0,"",SUM(K26:N26)) -> 2 | R26: =IF(P26="","",P26+Q26) -> 4 | S26: =IF(R26="","",IF(C26="Ecuador",R26,0)) -> 0 | T26: =IF(R26="","",R26-S26) -> 4 | U26: =IF(R26="","",IF(O26>R26,"Revisar: discapacidad "&O26&" mayor que el total "&R26,IF(OR(A26="",B26="",C26="",F26=""),"Falta año, mes, país o motivo",IF(AND(C26="Ecuador",E26=""),"Falta la ciudad","OK")))) -> OK
A27: 2025 | B27: Septiembre | C27: Ecuador | D27: =IF(E27="","",IFERROR(VLOOKUP(E27,'_Catalogos'!$J$2:$K$1000,2,FALSE),"")) -> Loja | E27: Loja | F27: Evento | H27: 1 | I27: 1 | L27: 2 | N27: 1 | P27: =IF(COUNT(G27:O27)=0,"",SUM(G27:J27)) -> 2 | Q27: =IF(COUNT(G27:O27)=0,"",SUM(K27:N27)) -> 3 | R27: =IF(P27="","",P27+Q27) -> 5 | S27: =IF(R27="","",IF(C27="Ecuador",R27,0)) -> 5 | T27: =IF(R27="","",R27-S27) -> 0 | U27: =IF(R27="","",IF(O27>R27,"Revisar: discapacidad "&O27&" mayor que el total "&R27,IF(OR(A27="",B27="",C27="",F27=""),"Falta año, mes, país o motivo",IF(AND(C27="Ecuador",E27=""),"Falta la ciudad","OK")))) -> OK
A28: 2025 | B28: Septiembre | C28: España | D28: =IF(E28="","",IFERROR(VLOOKUP(E28,'_Catalogos'!$J$2:$K$1000,2,FALSE),"")) | F28: Negocios | G28: 2 | H28: 2 | I28: 1 | J28: 1 | K28: 2 | L28: 1 | P28: =IF(COUNT(G28:O28)=0,"",SUM(G28:J28)) -> 6 | Q28: =IF(COUNT(G28:O28)=0,"",SUM(K28:N28)) -> 3 | R28: =IF(P28="","",P28+Q28) -> 9 | S28: =IF(R28="","",IF(C28="Ecuador",R28,0)) -> 0 | T28: =IF(R28="","",R28-S28) -> 9 | U28: =IF(R28="","",IF(O28>R28,"Revisar: discapacidad "&O28&" mayor que el total "&R28,IF(OR(A28="",B28="",C28="",F28=""),"Falta año, mes, país o motivo",IF(AND(C28="Ecuador",E28=""),"Falta la ciudad","OK")))) -> OK
A29: 2025 | B29: Octubre | C29: Ecuador | D29: =IF(E29="","",IFERROR(VLOOKUP(E29,'_Catalogos'!$J$2:$K$1000,2,FALSE),"")) -> Cotopaxi | E29: Latacunga | F29: Gastronomía | J29: 1 | L29: 1 | M29: 1 | P29: =IF(COUNT(G29:O29)=0,"",SUM(G29:J29)) -> 1 | Q29: =IF(COUNT(G29:O29)=0,"",SUM(K29:N29)) -> 2 | R29: =IF(P29="","",P29+Q29) -> 3 | S29: =IF(R29="","",IF(C29="Ecuador",R29,0)) -> 3 | T29: =IF(R29="","",R29-S29) -> 0 | U29: =IF(R29="","",IF(O29>R29,"Revisar: discapacidad "&O29&" mayor que el total "&R29,IF(OR(A29="",B29="",C29="",F29=""),"Falta año, mes, país o motivo",IF(AND(C29="Ecuador",E29=""),"Falta la ciudad","OK")))) -> OK
A30: 2025 | B30: Octubre | C30: Ecuador | D30: =IF(E30="","",IFERROR(VLOOKUP(E30,'_Catalogos'!$J$2:$K$1000,2,FALSE),"")) -> Tungurahua | E30: Ambato | F30: Evento | G30: 1 | P30: =IF(COUNT(G30:O30)=0,"",SUM(G30:J30)) -> 1 | Q30: =IF(COUNT(G30:O30)=0,"",SUM(K30:N30)) -> 0 | R30: =IF(P30="","",P30+Q30) -> 1 | S30: =IF(R30="","",IF(C30="Ecuador",R30,0)) -> 1 | T30: =IF(R30="","",R30-S30) -> 0 | U30: =IF(R30="","",IF(O30>R30,"Revisar: discapacidad "&O30&" mayor que el total "&R30,IF(OR(A30="",B30="",C30="",F30=""),"Falta año, mes, país o motivo",IF(AND(C30="Ecuador",E30=""),"Falta la ciudad","OK")))) -> OK
A31: 2025 | B31: Octubre | C31: Chile | D31: =IF(E31="","",IFERROR(VLOOKUP(E31,'_Catalogos'!$J$2:$K$1000,2,FALSE),"")) | F31: Descanso | G31: 1 | H31: 2 | K31: 2 | L31: 1 | M31: 4 | P31: =IF(COUNT(G31:O31)=0,"",SUM(G31:J31)) -> 3 | Q31: =IF(COUNT(G31:O31)=0,"",SUM(K31:N31)) -> 7 | R31: =IF(P31="","",P31+Q31) -> 10 | S31: =IF(R31="","",IF(C31="Ecuador",R31,0)) -> 0 | T31: =IF(R31="","",R31-S31) -> 10 | U31: =IF(R31="","",IF(O31>R31,"Revisar: discapacidad "&O31&" mayor que el total "&R31,IF(OR(A31="",B31="",C31="",F31=""),"Falta año, mes, país o motivo",IF(AND(C31="Ecuador",E31=""),"Falta la ciudad","OK")))) -> OK
A32: 2025 | B32: Octubre | C32: Ecuador | D32: =IF(E32="","",IFERROR(VLOOKUP(E32,'_Catalogos'!$J$2:$K$1000,2,FALSE),"")) -> Tungurahua | E32: Pelileo | F32: Evento | H32: 1 | I32: 1 | J32: 1 | K32: 3 | L32: 1 | P32: =IF(COUNT(G32:O32)=0,"",SUM(G32:J32)) -> 3 | Q32: =IF(COUNT(G32:O32)=0,"",SUM(K32:N32)) -> 4 | R32: =IF(P32="","",P32+Q32) -> 7 | S32: =IF(R32="","",IF(C32="Ecuador",R32,0)) -> 7 | T32: =IF(R32="","",R32-S32) -> 0 | U32: =IF(R32="","",IF(O32>R32,"Revisar: discapacidad "&O32&" mayor que el total "&R32,IF(OR(A32="",B32="",C32="",F32=""),"Falta año, mes, país o motivo",IF(AND(C32="Ecuador",E32=""),"Falta la ciudad","OK")))) -> OK
A33: 2025 | B33: Noviembre | C33: Ecuador | D33: =IF(E33="","",IFERROR(VLOOKUP(E33,'_Catalogos'!$J$2:$K$1000,2,FALSE),"")) -> Pastaza | E33: Puyo | F33: Gastronomía | G33: 1 | H33: 1 | I33: 2 | J33: 1 | K33: 2 | L33: 2 | M33: 1 | P33: =IF(COUNT(G33:O33)=0,"",SUM(G33:J33)) -> 5 | Q33: =IF(COUNT(G33:O33)=0,"",SUM(K33:N33)) -> 5 | R33: =IF(P33="","",P33+Q33) -> 10 | S33: =IF(R33="","",IF(C33="Ecuador",R33,0)) -> 10 | T33: =IF(R33="","",R33-S33) -> 0 | U33: =IF(R33="","",IF(O33>R33,"Revisar: discapacidad "&O33&" mayor que el total "&R33,IF(OR(A33="",B33="",C33="",F33=""),"Falta año, mes, país o motivo",IF(AND(C33="Ecuador",E33=""),"Falta la ciudad","OK")))) -> OK
A34: 2025 | B34: Noviembre | C34: Mauricio | D34: =IF(E34="","",IFERROR(VLOOKUP(E34,'_Catalogos'!$J$2:$K$1000,2,FALSE),"")) | F34: Evento | G34: 1 | L34: 2 | M34: 1 | P34: =IF(COUNT(G34:O34)=0,"",SUM(G34:J34)) -> 1 | Q34: =IF(COUNT(G34:O34)=0,"",SUM(K34:N34)) -> 3 | R34: =IF(P34="","",P34+Q34) -> 4 | S34: =IF(R34="","",IF(C34="Ecuador",R34,0)) -> 0 | T34: =IF(R34="","",R34-S34) -> 4 | U34: =IF(R34="","",IF(O34>R34,"Revisar: discapacidad "&O34&" mayor que el total "&R34,IF(OR(A34="",B34="",C34="",F34=""),"Falta año, mes, país o motivo",IF(AND(C34="Ecuador",E34=""),"Falta la ciudad","OK")))) -> OK
A35: 2025 | B35: Noviembre | C35: Ecuador | D35: =IF(E35="","",IFERROR(VLOOKUP(E35,'_Catalogos'!$J$2:$K$1000,2,FALSE),"")) -> Loja | E35: Loja | F35: Gastronomía | G35: 1 | H35: 1 | I35: 1 | M35: 1 | P35: =IF(COUNT(G35:O35)=0,"",SUM(G35:J35)) -> 3 | Q35: =IF(COUNT(G35:O35)=0,"",SUM(K35:N35)) -> 1 | R35: =IF(P35="","",P35+Q35) -> 4 | S35: =IF(R35="","",IF(C35="Ecuador",R35,0)) -> 4 | T35: =IF(R35="","",R35-S35) -> 0 | U35: =IF(R35="","",IF(O35>R35,"Revisar: discapacidad "&O35&" mayor que el total "&R35,IF(OR(A35="",B35="",C35="",F35=""),"Falta año, mes, país o motivo",IF(AND(C35="Ecuador",E35=""),"Falta la ciudad","OK")))) -> OK
A36: 2025 | B36: Diciembre | C36: Ecuador | D36: =IF(E36="","",IFERROR(VLOOKUP(E36,'_Catalogos'!$J$2:$K$1000,2,FALSE),"")) -> Tungurahua | E36: Ambato | F36: Turismo | G36: 4 | H36: 2 | J36: 1 | K36: 3 | M36: 2 | N36: 1 | P36: =IF(COUNT(G36:O36)=0,"",SUM(G36:J36)) -> 7 | Q36: =IF(COUNT(G36:O36)=0,"",SUM(K36:N36)) -> 6 | R36: =IF(P36="","",P36+Q36) -> 13 | S36: =IF(R36="","",IF(C36="Ecuador",R36,0)) -> 13 | T36: =IF(R36="","",R36-S36) -> 0 | U36: =IF(R36="","",IF(O36>R36,"Revisar: discapacidad "&O36&" mayor que el total "&R36,IF(OR(A36="",B36="",C36="",F36=""),"Falta año, mes, país o motivo",IF(AND(C36="Ecuador",E36=""),"Falta la ciudad","OK")))) -> OK
A37: 2025 | B37: Diciembre | C37: Ecuador | D37: =IF(E37="","",IFERROR(VLOOKUP(E37,'_Catalogos'!$J$2:$K$1000,2,FALSE),"")) -> Pichincha | E37: Quito | F37: Turismo | G37: 2 | H37: 3 | I37: 2 | J37: 2 | K37: 2 | L37: 4 | P37: =IF(COUNT(G37:O37)=0,"",SUM(G37:J37)) -> 9 | Q37: =IF(COUNT(G37:O37)=0,"",SUM(K37:N37)) -> 6 | R37: =IF(P37="","",P37+Q37) -> 15 | S37: =IF(R37="","",IF(C37="Ecuador",R37,0)) -> 15 | T37: =IF(R37="","",R37-S37) -> 0 | U37: =IF(R37="","",IF(O37>R37,"Revisar: discapacidad "&O37&" mayor que el total "&R37,IF(OR(A37="",B37="",C37="",F37=""),"Falta año, mes, país o motivo",IF(AND(C37="Ecuador",E37=""),"Falta la ciudad","OK")))) -> OK
A38: 2025 | B38: Diciembre | C38: Brasil | D38: =IF(E38="","",IFERROR(VLOOKUP(E38,'_Catalogos'!$J$2:$K$1000,2,FALSE),"")) | F38: Turismo | G38: 1 | H38: 3 | I38: 1 | L38: 2 | M38: 1 | P38: =IF(COUNT(G38:O38)=0,"",SUM(G38:J38)) -> 5 | Q38: =IF(COUNT(G38:O38)=0,"",SUM(K38:N38)) -> 3 | R38: =IF(P38="","",P38+Q38) -> 8 | S38: =IF(R38="","",IF(C38="Ecuador",R38,0)) -> 0 | T38: =IF(R38="","",R38-S38) -> 8 | U38: =IF(R38="","",IF(O38>R38,"Revisar: discapacidad "&O38&" mayor que el total "&R38,IF(OR(A38="",B38="",C38="",F38=""),"Falta año, mes, país o motivo",IF(AND(C38="Ecuador",E38=""),"Falta la ciudad","OK")))) -> OK
A39: 2025 | B39: Diciembre | C39: Ecuador | D39: =IF(E39="","",IFERROR(VLOOKUP(E39,'_Catalogos'!$J$2:$K$1000,2,FALSE),"")) -> Napo | E39: Tena | F39: Turismo | G39: 3 | H39: 5 | I39: 1 | K39: 4 | L39: 3 | M39: 1 | N39: 2 | P39: =IF(COUNT(G39:O39)=0,"",SUM(G39:J39)) -> 9 | Q39: =IF(COUNT(G39:O39)=0,"",SUM(K39:N39)) -> 10 | R39: =IF(P39="","",P39+Q39) -> 19 | S39: =IF(R39="","",IF(C39="Ecuador",R39,0)) -> 19 | T39: =IF(R39="","",R39-S39) -> 0 | U39: =IF(R39="","",IF(O39>R39,"Revisar: discapacidad "&O39&" mayor que el total "&R39,IF(OR(A39="",B39="",C39="",F39=""),"Falta año, mes, país o motivo",IF(AND(C39="Ecuador",E39=""),"Falta la ciudad","OK")))) -> OK
A40: 2025 | B40: Diciembre | C40: Ecuador | D40: =IF(E40="","",IFERROR(VLOOKUP(E40,'_Catalogos'!$J$2:$K$1000,2,FALSE),"")) -> Galápagos | E40: Puerto Villamil | F40: Turismo | G40: 1 | H40: 2 | K40: 2 | L40: 1 | M40: 1 | N40: 4 | P40: =IF(COUNT(G40:O40)=0,"",SUM(G40:J40)) -> 3 | Q40: =IF(COUNT(G40:O40)=0,"",SUM(K40:N40)) -> 8 | R40: =IF(P40="","",P40+Q40) -> 11 | S40: =IF(R40="","",IF(C40="Ecuador",R40,0)) -> 11 | T40: =IF(R40="","",R40-S40) -> 0 | U40: =IF(R40="","",IF(O40>R40,"Revisar: discapacidad "&O40&" mayor que el total "&R40,IF(OR(A40="",B40="",C40="",F40=""),"Falta año, mes, país o motivo",IF(AND(C40="Ecuador",E40=""),"Falta la ciudad","OK")))) -> OK
A41: 2026 | B41: Enero | C41: Estados Unidos | D41: =IF(E41="","",IFERROR(VLOOKUP(E41,'_Catalogos'!$J$2:$K$1000,2,FALSE),"")) | F41: Turismo | H41: 1 | I41: 4 | J41: 1 | L41: 2 | M41: 3 | P41: =IF(COUNT(G41:O41)=0,"",SUM(G41:J41)) -> 6 | Q41: =IF(COUNT(G41:O41)=0,"",SUM(K41:N41)) -> 5 | R41: =IF(P41="","",P41+Q41) -> 11 | S41: =IF(R41="","",IF(C41="Ecuador",R41,0)) -> 0 | T41: =IF(R41="","",R41-S41) -> 11 | U41: =IF(R41="","",IF(O41>R41,"Revisar: discapacidad "&O41&" mayor que el total "&R41,IF(OR(A41="",B41="",C41="",F41=""),"Falta año, mes, país o motivo",IF(AND(C41="Ecuador",E41=""),"Falta la ciudad","OK")))) -> OK
A42: 2026 | B42: Enero | C42: Brasil | D42: =IF(E42="","",IFERROR(VLOOKUP(E42,'_Catalogos'!$J$2:$K$1000,2,FALSE),"")) | F42: Evento | G42: 2 | I42: 2 | L42: 2 | M42: 1 | P42: =IF(COUNT(G42:O42)=0,"",SUM(G42:J42)) -> 4 | Q42: =IF(COUNT(G42:O42)=0,"",SUM(K42:N42)) -> 3 | R42: =IF(P42="","",P42+Q42) -> 7 | S42: =IF(R42="","",IF(C42="Ecuador",R42,0)) -> 0 | T42: =IF(R42="","",R42-S42) -> 7 | U42: =IF(R42="","",IF(O42>R42,"Revisar: discapacidad "&O42&" mayor que el total "&R42,IF(OR(A42="",B42="",C42="",F42=""),"Falta año, mes, país o motivo",IF(AND(C42="Ecuador",E42=""),"Falta la ciudad","OK")))) -> OK
A43: 2026 | B43: Enero | C43: Ecuador | D43: =IF(E43="","",IFERROR(VLOOKUP(E43,'_Catalogos'!$J$2:$K$1000,2,FALSE),"")) -> Imbabura | E43: Ibarra | F43: Descanso | H43: 1 | K43: 1 | L43: 3 | P43: =IF(COUNT(G43:O43)=0,"",SUM(G43:J43)) -> 1 | Q43: =IF(COUNT(G43:O43)=0,"",SUM(K43:N43)) -> 4 | R43: =IF(P43="","",P43+Q43) -> 5 | S43: =IF(R43="","",IF(C43="Ecuador",R43,0)) -> 5 | T43: =IF(R43="","",R43-S43) -> 0 | U43: =IF(R43="","",IF(O43>R43,"Revisar: discapacidad "&O43&" mayor que el total "&R43,IF(OR(A43="",B43="",C43="",F43=""),"Falta año, mes, país o motivo",IF(AND(C43="Ecuador",E43=""),"Falta la ciudad","OK")))) -> OK
A44: 2026 | B44: Enero | C44: Ecuador | D44: =IF(E44="","",IFERROR(VLOOKUP(E44,'_Catalogos'!$J$2:$K$1000,2,FALSE),"")) -> Guayas | E44: Guayaquil | F44: Turismo | G44: 1 | K44: 2 | L44: 1 | M44: 2 | P44: =IF(COUNT(G44:O44)=0,"",SUM(G44:J44)) -> 1 | Q44: =IF(COUNT(G44:O44)=0,"",SUM(K44:N44)) -> 5 | R44: =IF(P44="","",P44+Q44) -> 6 | S44: =IF(R44="","",IF(C44="Ecuador",R44,0)) -> 6 | T44: =IF(R44="","",R44-S44) -> 0 | U44: =IF(R44="","",IF(O44>R44,"Revisar: discapacidad "&O44&" mayor que el total "&R44,IF(OR(A44="",B44="",C44="",F44=""),"Falta año, mes, país o motivo",IF(AND(C44="Ecuador",E44=""),"Falta la ciudad","OK")))) -> OK
A45: 2026 | B45: Febrero | C45: Ecuador | D45: =IF(E45="","",IFERROR(VLOOKUP(E45,'_Catalogos'!$J$2:$K$1000,2,FALSE),"")) -> Tungurahua | E45: Ambato | F45: Evento | G45: 3 | H45: 1 | J45: 1 | K45: 1 | L45: 1 | M45: 1 | N45: 1 | P45: =IF(COUNT(G45:O45)=0,"",SUM(G45:J45)) -> 5 | Q45: =IF(COUNT(G45:O45)=0,"",SUM(K45:N45)) -> 4 | R45: =IF(P45="","",P45+Q45) -> 9 | S45: =IF(R45="","",IF(C45="Ecuador",R45,0)) -> 9 | T45: =IF(R45="","",R45-S45) -> 0 | U45: =IF(R45="","",IF(O45>R45,"Revisar: discapacidad "&O45&" mayor que el total "&R45,IF(OR(A45="",B45="",C45="",F45=""),"Falta año, mes, país o motivo",IF(AND(C45="Ecuador",E45=""),"Falta la ciudad","OK")))) -> OK
A46: 2026 | B46: Febrero | C46: Ecuador | D46: =IF(E46="","",IFERROR(VLOOKUP(E46,'_Catalogos'!$J$2:$K$1000,2,FALSE),"")) -> Chimborazo | E46: Riobamba | F46: Turismo | H46: 1 | L46: 3 | M46: 2 | P46: =IF(COUNT(G46:O46)=0,"",SUM(G46:J46)) -> 1 | Q46: =IF(COUNT(G46:O46)=0,"",SUM(K46:N46)) -> 5 | R46: =IF(P46="","",P46+Q46) -> 6 | S46: =IF(R46="","",IF(C46="Ecuador",R46,0)) -> 6 | T46: =IF(R46="","",R46-S46) -> 0 | U46: =IF(R46="","",IF(O46>R46,"Revisar: discapacidad "&O46&" mayor que el total "&R46,IF(OR(A46="",B46="",C46="",F46=""),"Falta año, mes, país o motivo",IF(AND(C46="Ecuador",E46=""),"Falta la ciudad","OK")))) -> OK
A47: 2026 | B47: Febrero | C47: Ecuador | D47: =IF(E47="","",IFERROR(VLOOKUP(E47,'_Catalogos'!$J$2:$K$1000,2,FALSE),"")) -> Tungurahua | E47: Ambato | F47: Visita familiar | G47: 3 | H47: 3 | K47: 2 | M47: 1 | P47: =IF(COUNT(G47:O47)=0,"",SUM(G47:J47)) -> 6 | Q47: =IF(COUNT(G47:O47)=0,"",SUM(K47:N47)) -> 3 | R47: =IF(P47="","",P47+Q47) -> 9 | S47: =IF(R47="","",IF(C47="Ecuador",R47,0)) -> 9 | T47: =IF(R47="","",R47-S47) -> 0 | U47: =IF(R47="","",IF(O47>R47,"Revisar: discapacidad "&O47&" mayor que el total "&R47,IF(OR(A47="",B47="",C47="",F47=""),"Falta año, mes, país o motivo",IF(AND(C47="Ecuador",E47=""),"Falta la ciudad","OK")))) -> OK
A48: 2026 | B48: Marzo | C48: Costa de Marfil | D48: =IF(E48="","",IFERROR(VLOOKUP(E48,'_Catalogos'!$J$2:$K$1000,2,FALSE),"")) | F48: Negocios | G48: 3 | H48: 1 | I48: 1 | M48: 1 | N48: 1 | O48: 1 | P48: =IF(COUNT(G48:O48)=0,"",SUM(G48:J48)) -> 5 | Q48: =IF(COUNT(G48:O48)=0,"",SUM(K48:N48)) -> 2 | R48: =IF(P48="","",P48+Q48) -> 7 | S48: =IF(R48="","",IF(C48="Ecuador",R48,0)) -> 0 | T48: =IF(R48="","",R48-S48) -> 7 | U48: =IF(R48="","",IF(O48>R48,"Revisar: discapacidad "&O48&" mayor que el total "&R48,IF(OR(A48="",B48="",C48="",F48=""),"Falta año, mes, país o motivo",IF(AND(C48="Ecuador",E48=""),"Falta la ciudad","OK")))) -> OK
A49: 2026 | B49: Marzo | C49: Ecuador | D49: =IF(E49="","",IFERROR(VLOOKUP(E49,'_Catalogos'!$J$2:$K$1000,2,FALSE),"")) -> Tungurahua | E49: Ambato | F49: Descanso | G49: 1 | H49: 1 | I49: 1 | K49: 1 | L49: 2 | M49: 2 | P49: =IF(COUNT(G49:O49)=0,"",SUM(G49:J49)) -> 3 | Q49: =IF(COUNT(G49:O49)=0,"",SUM(K49:N49)) -> 5 | R49: =IF(P49="","",P49+Q49) -> 8 | S49: =IF(R49="","",IF(C49="Ecuador",R49,0)) -> 8 | T49: =IF(R49="","",R49-S49) -> 0 | U49: =IF(R49="","",IF(O49>R49,"Revisar: discapacidad "&O49&" mayor que el total "&R49,IF(OR(A49="",B49="",C49="",F49=""),"Falta año, mes, país o motivo",IF(AND(C49="Ecuador",E49=""),"Falta la ciudad","OK")))) -> OK
A50: 2026 | B50: Abril | C50: Perú | D50: =IF(E50="","",IFERROR(VLOOKUP(E50,'_Catalogos'!$J$2:$K$1000,2,FALSE),"")) | F50: Turismo | G50: 3 | H50: 3 | I50: 1 | L50: 4 | M50: 2 | N50: 1 | P50: =IF(COUNT(G50:O50)=0,"",SUM(G50:J50)) -> 7 | Q50: =IF(COUNT(G50:O50)=0,"",SUM(K50:N50)) -> 7 | R50: =IF(P50="","",P50+Q50) -> 14 | S50: =IF(R50="","",IF(C50="Ecuador",R50,0)) -> 0 | T50: =IF(R50="","",R50-S50) -> 14 | U50: =IF(R50="","",IF(O50>R50,"Revisar: discapacidad "&O50&" mayor que el total "&R50,IF(OR(A50="",B50="",C50="",F50=""),"Falta año, mes, país o motivo",IF(AND(C50="Ecuador",E50=""),"Falta la ciudad","OK")))) -> OK
A51: 2026 | B51: Abril | C51: España | D51: =IF(E51="","",IFERROR(VLOOKUP(E51,'_Catalogos'!$J$2:$K$1000,2,FALSE),"")) | F51: Turismo | G51: 3 | H51: 1 | I51: 1 | L51: 2 | P51: =IF(COUNT(G51:O51)=0,"",SUM(G51:J51)) -> 5 | Q51: =IF(COUNT(G51:O51)=0,"",SUM(K51:N51)) -> 2 | R51: =IF(P51="","",P51+Q51) -> 7 | S51: =IF(R51="","",IF(C51="Ecuador",R51,0)) -> 0 | T51: =IF(R51="","",R51-S51) -> 7 | U51: =IF(R51="","",IF(O51>R51,"Revisar: discapacidad "&O51&" mayor que el total "&R51,IF(OR(A51="",B51="",C51="",F51=""),"Falta año, mes, país o motivo",IF(AND(C51="Ecuador",E51=""),"Falta la ciudad","OK")))) -> OK
A52: 2026 | B52: Mayo | C52: Francia | D52: =IF(E52="","",IFERROR(VLOOKUP(E52,'_Catalogos'!$J$2:$K$1000,2,FALSE),"")) | F52: Turismo | G52: 1 | H52: 2 | L52: 1 | P52: =IF(COUNT(G52:O52)=0,"",SUM(G52:J52)) -> 3 | Q52: =IF(COUNT(G52:O52)=0,"",SUM(K52:N52)) -> 1 | R52: =IF(P52="","",P52+Q52) -> 4 | S52: =IF(R52="","",IF(C52="Ecuador",R52,0)) -> 0 | T52: =IF(R52="","",R52-S52) -> 4 | U52: =IF(R52="","",IF(O52>R52,"Revisar: discapacidad "&O52&" mayor que el total "&R52,IF(OR(A52="",B52="",C52="",F52=""),"Falta año, mes, país o motivo",IF(AND(C52="Ecuador",E52=""),"Falta la ciudad","OK")))) -> OK
A53: 2026 | B53: Mayo | C53: Ecuador | D53: =IF(E53="","",IFERROR(VLOOKUP(E53,'_Catalogos'!$J$2:$K$1000,2,FALSE),"")) -> Chimborazo | E53: Riobamba | F53: Gastronomía | G53: 3 | H53: 2 | I53: 2 | K53: 2 | P53: =IF(COUNT(G53:O53)=0,"",SUM(G53:J53)) -> 7 | Q53: =IF(COUNT(G53:O53)=0,"",SUM(K53:N53)) -> 2 | R53: =IF(P53="","",P53+Q53) -> 9 | S53: =IF(R53="","",IF(C53="Ecuador",R53,0)) -> 9 | T53: =IF(R53="","",R53-S53) -> 0 | U53: =IF(R53="","",IF(O53>R53,"Revisar: discapacidad "&O53&" mayor que el total "&R53,IF(OR(A53="",B53="",C53="",F53=""),"Falta año, mes, país o motivo",IF(AND(C53="Ecuador",E53=""),"Falta la ciudad","OK")))) -> OK
A54: 2026 | B54: Mayo | C54: Ecuador | D54: =IF(E54="","",IFERROR(VLOOKUP(E54,'_Catalogos'!$J$2:$K$1000,2,FALSE),"")) -> Tungurahua | E54: Pelileo | F54: Visita familiar | G54: 2 | H54: 3 | K54: 1 | L54: 1 | M54: 2 | P54: =IF(COUNT(G54:O54)=0,"",SUM(G54:J54)) -> 5 | Q54: =IF(COUNT(G54:O54)=0,"",SUM(K54:N54)) -> 4 | R54: =IF(P54="","",P54+Q54) -> 9 | S54: =IF(R54="","",IF(C54="Ecuador",R54,0)) -> 9 | T54: =IF(R54="","",R54-S54) -> 0 | U54: =IF(R54="","",IF(O54>R54,"Revisar: discapacidad "&O54&" mayor que el total "&R54,IF(OR(A54="",B54="",C54="",F54=""),"Falta año, mes, país o motivo",IF(AND(C54="Ecuador",E54=""),"Falta la ciudad","OK")))) -> OK
A55: 2026 | B55: Mayo | C55: Ecuador | D55: =IF(E55="","",IFERROR(VLOOKUP(E55,'_Catalogos'!$J$2:$K$1000,2,FALSE),"")) -> Pichincha | E55: Quito | F55: Turismo | H55: 1 | K55: 1 | P55: =IF(COUNT(G55:O55)=0,"",SUM(G55:J55)) -> 1 | Q55: =IF(COUNT(G55:O55)=0,"",SUM(K55:N55)) -> 1 | R55: =IF(P55="","",P55+Q55) -> 2 | S55: =IF(R55="","",IF(C55="Ecuador",R55,0)) -> 2 | T55: =IF(R55="","",R55-S55) -> 0 | U55: =IF(R55="","",IF(O55>R55,"Revisar: discapacidad "&O55&" mayor que el total "&R55,IF(OR(A55="",B55="",C55="",F55=""),"Falta año, mes, país o motivo",IF(AND(C55="Ecuador",E55=""),"Falta la ciudad","OK")))) -> OK
A56: 2026 | B56: Mayo | C56: Armenia | D56: =IF(E56="","",IFERROR(VLOOKUP(E56,'_Catalogos'!$J$2:$K$1000,2,FALSE),"")) | F56: Visita familiar | G56: 3 | H56: 1 | I56: 1 | K56: 1 | M56: 2 | P56: =IF(COUNT(G56:O56)=0,"",SUM(G56:J56)) -> 5 | Q56: =IF(COUNT(G56:O56)=0,"",SUM(K56:N56)) -> 3 | R56: =IF(P56="","",P56+Q56) -> 8 | S56: =IF(R56="","",IF(C56="Ecuador",R56,0)) -> 0 | T56: =IF(R56="","",R56-S56) -> 8 | U56: =IF(R56="","",IF(O56>R56,"Revisar: discapacidad "&O56&" mayor que el total "&R56,IF(OR(A56="",B56="",C56="",F56=""),"Falta año, mes, país o motivo",IF(AND(C56="Ecuador",E56=""),"Falta la ciudad","OK")))) -> OK
A57: 2026 | B57: Mayo | C57: Argentina | D57: =IF(E57="","",IFERROR(VLOOKUP(E57,'_Catalogos'!$J$2:$K$1000,2,FALSE),"")) | F57: Turismo | I57: 1 | K57: 2 | P57: =IF(COUNT(G57:O57)=0,"",SUM(G57:J57)) -> 1 | Q57: =IF(COUNT(G57:O57)=0,"",SUM(K57:N57)) -> 2 | R57: =IF(P57="","",P57+Q57) -> 3 | S57: =IF(R57="","",IF(C57="Ecuador",R57,0)) -> 0 | T57: =IF(R57="","",R57-S57) -> 3 | U57: =IF(R57="","",IF(O57>R57,"Revisar: discapacidad "&O57&" mayor que el total "&R57,IF(OR(A57="",B57="",C57="",F57=""),"Falta año, mes, país o motivo",IF(AND(C57="Ecuador",E57=""),"Falta la ciudad","OK")))) -> OK
A58: 2026 | B58: Junio | C58: Ecuador | D58: =IF(E58="","",IFERROR(VLOOKUP(E58,'_Catalogos'!$J$2:$K$1000,2,FALSE),"")) -> Napo | E58: Carlos Julio Arosemena Tola | F58: Gastronomía | G58: 1 | N58: 1 | P58: =IF(COUNT(G58:O58)=0,"",SUM(G58:J58)) -> 1 | Q58: =IF(COUNT(G58:O58)=0,"",SUM(K58:N58)) -> 1 | R58: =IF(P58="","",P58+Q58) -> 2 | S58: =IF(R58="","",IF(C58="Ecuador",R58,0)) -> 2 | T58: =IF(R58="","",R58-S58) -> 0 | U58: =IF(R58="","",IF(O58>R58,"Revisar: discapacidad "&O58&" mayor que el total "&R58,IF(OR(A58="",B58="",C58="",F58=""),"Falta año, mes, país o motivo",IF(AND(C58="Ecuador",E58=""),"Falta la ciudad","OK")))) -> OK
A59: 2026 | B59: Junio | C59: Canadá | D59: =IF(E59="","",IFERROR(VLOOKUP(E59,'_Catalogos'!$J$2:$K$1000,2,FALSE),"")) | F59: Descanso | H59: 1 | I59: 1 | K59: 1 | L59: 1 | M59: 3 | P59: =IF(COUNT(G59:O59)=0,"",SUM(G59:J59)) -> 2 | Q59: =IF(COUNT(G59:O59)=0,"",SUM(K59:N59)) -> 5 | R59: =IF(P59="","",P59+Q59) -> 7 | S59: =IF(R59="","",IF(C59="Ecuador",R59,0)) -> 0 | T59: =IF(R59="","",R59-S59) -> 7 | U59: =IF(R59="","",IF(O59>R59,"Revisar: discapacidad "&O59&" mayor que el total "&R59,IF(OR(A59="",B59="",C59="",F59=""),"Falta año, mes, país o motivo",IF(AND(C59="Ecuador",E59=""),"Falta la ciudad","OK")))) -> OK
A60: 2026 | B60: Junio | C60: Ecuador | D60: =IF(E60="","",IFERROR(VLOOKUP(E60,'_Catalogos'!$J$2:$K$1000,2,FALSE),"")) -> Pichincha | E60: Quito | F60: Turismo | G60: 1 | H60: 1 | I60: 1 | L60: 5 | M60: 4 | O60: 6 | P60: =IF(COUNT(G60:O60)=0,"",SUM(G60:J60)) -> 3 | Q60: =IF(COUNT(G60:O60)=0,"",SUM(K60:N60)) -> 9 | R60: =IF(P60="","",P60+Q60) -> 12 | S60: =IF(R60="","",IF(C60="Ecuador",R60,0)) -> 12 | T60: =IF(R60="","",R60-S60) -> 0 | U60: =IF(R60="","",IF(O60>R60,"Revisar: discapacidad "&O60&" mayor que el total "&R60,IF(OR(A60="",B60="",C60="",F60=""),"Falta año, mes, país o motivo",IF(AND(C60="Ecuador",E60=""),"Falta la ciudad","OK")))) -> OK
A61: 2026 | B61: Junio | C61: Nigeria | D61: =IF(E61="","",IFERROR(VLOOKUP(E61,'_Catalogos'!$J$2:$K$1000,2,FALSE),"")) | F61: Turismo | G61: 2 | H61: 1 | I61: 2 | L61: 1 | N61: 1 | P61: =IF(COUNT(G61:O61)=0,"",SUM(G61:J61)) -> 5 | Q61: =IF(COUNT(G61:O61)=0,"",SUM(K61:N61)) -> 2 | R61: =IF(P61="","",P61+Q61) -> 7 | S61: =IF(R61="","",IF(C61="Ecuador",R61,0)) -> 0 | T61: =IF(R61="","",R61-S61) -> 7 | U61: =IF(R61="","",IF(O61>R61,"Revisar: discapacidad "&O61&" mayor que el total "&R61,IF(OR(A61="",B61="",C61="",F61=""),"Falta año, mes, país o motivo",IF(AND(C61="Ecuador",E61=""),"Falta la ciudad","OK")))) -> OK
A62: 2026 | B62: Junio | C62: Ecuador | D62: =IF(E62="","",IFERROR(VLOOKUP(E62,'_Catalogos'!$J$2:$K$1000,2,FALSE),"")) -> Pichincha | E62: Quito | F62: Visita familiar | G62: 3 | H62: 3 | I62: 1 | L62: 2 | P62: =IF(COUNT(G62:O62)=0,"",SUM(G62:J62)) -> 7 | Q62: =IF(COUNT(G62:O62)=0,"",SUM(K62:N62)) -> 2 | R62: =IF(P62="","",P62+Q62) -> 9 | S62: =IF(R62="","",IF(C62="Ecuador",R62,0)) -> 9 | T62: =IF(R62="","",R62-S62) -> 0 | U62: =IF(R62="","",IF(O62>R62,"Revisar: discapacidad "&O62&" mayor que el total "&R62,IF(OR(A62="",B62="",C62="",F62=""),"Falta año, mes, país o motivo",IF(AND(C62="Ecuador",E62=""),"Falta la ciudad","OK")))) -> OK
A63: 2026 | B63: Julio | C63: Ecuador | D63: =IF(E63="","",IFERROR(VLOOKUP(E63,'_Catalogos'!$J$2:$K$1000,2,FALSE),"")) -> Guayas | E63: Milagro | F63: Visita familiar | G63: 1 | H63: 3 | K63: 4 | L63: 1 | P63: =IF(COUNT(G63:O63)=0,"",SUM(G63:J63)) -> 4 | Q63: =IF(COUNT(G63:O63)=0,"",SUM(K63:N63)) -> 5 | R63: =IF(P63="","",P63+Q63) -> 9 | S63: =IF(R63="","",IF(C63="Ecuador",R63,0)) -> 9 | T63: =IF(R63="","",R63-S63) -> 0 | U63: =IF(R63="","",IF(O63>R63,"Revisar: discapacidad "&O63&" mayor que el total "&R63,IF(OR(A63="",B63="",C63="",F63=""),"Falta año, mes, país o motivo",IF(AND(C63="Ecuador",E63=""),"Falta la ciudad","OK")))) -> OK
A64: 2026 | B64: Julio | C64: Ecuador | D64: =IF(E64="","",IFERROR(VLOOKUP(E64,'_Catalogos'!$J$2:$K$1000,2,FALSE),"")) -> Imbabura | E64: Ibarra | F64: Turismo | G64: 2 | I64: 1 | K64: 1 | L64: 2 | P64: =IF(COUNT(G64:O64)=0,"",SUM(G64:J64)) -> 3 | Q64: =IF(COUNT(G64:O64)=0,"",SUM(K64:N64)) -> 3 | R64: =IF(P64="","",P64+Q64) -> 6 | S64: =IF(R64="","",IF(C64="Ecuador",R64,0)) -> 6 | T64: =IF(R64="","",R64-S64) -> 0 | U64: =IF(R64="","",IF(O64>R64,"Revisar: discapacidad "&O64&" mayor que el total "&R64,IF(OR(A64="",B64="",C64="",F64=""),"Falta año, mes, país o motivo",IF(AND(C64="Ecuador",E64=""),"Falta la ciudad","OK")))) -> OK
A65: 2026 | B65: Julio | C65: Ecuador | D65: =IF(E65="","",IFERROR(VLOOKUP(E65,'_Catalogos'!$J$2:$K$1000,2,FALSE),"")) -> Carchi | E65: El Ángel | F65: Visita familiar | G65: 2 | H65: 1 | I65: 1 | K65: 3 | L65: 3 | M65: 1 | P65: =IF(COUNT(G65:O65)=0,"",SUM(G65:J65)) -> 4 | Q65: =IF(COUNT(G65:O65)=0,"",SUM(K65:N65)) -> 7 | R65: =IF(P65="","",P65+Q65) -> 11 | S65: =IF(R65="","",IF(C65="Ecuador",R65,0)) -> 11 | T65: =IF(R65="","",R65-S65) -> 0 | U65: =IF(R65="","",IF(O65>R65,"Revisar: discapacidad "&O65&" mayor que el total "&R65,IF(OR(A65="",B65="",C65="",F65=""),"Falta año, mes, país o motivo",IF(AND(C65="Ecuador",E65=""),"Falta la ciudad","OK")))) -> OK
A66: 2026 | B66: Julio | C66: Brasil | D66: =IF(E66="","",IFERROR(VLOOKUP(E66,'_Catalogos'!$J$2:$K$1000,2,FALSE),"")) | F66: Descanso | G66: 3 | H66: 1 | I66: 1 | K66: 3 | L66: 1 | P66: =IF(COUNT(G66:O66)=0,"",SUM(G66:J66)) -> 5 | Q66: =IF(COUNT(G66:O66)=0,"",SUM(K66:N66)) -> 4 | R66: =IF(P66="","",P66+Q66) -> 9 | S66: =IF(R66="","",IF(C66="Ecuador",R66,0)) -> 0 | T66: =IF(R66="","",R66-S66) -> 9 | U66: =IF(R66="","",IF(O66>R66,"Revisar: discapacidad "&O66&" mayor que el total "&R66,IF(OR(A66="",B66="",C66="",F66=""),"Falta año, mes, país o motivo",IF(AND(C66="Ecuador",E66=""),"Falta la ciudad","OK")))) -> OK
A67: 2026 | B67: Agosto | C67: Ecuador | D67: =IF(E67="","",IFERROR(VLOOKUP(E67,'_Catalogos'!$J$2:$K$1000,2,FALSE),"")) -> El Oro | E67: Machala | F67: Descanso | G67: 1 | H67: 1 | I67: 1 | K67: 2 | L67: 3 | M67: 4 | P67: =IF(COUNT(G67:O67)=0,"",SUM(G67:J67)) -> 3 | Q67: =IF(COUNT(G67:O67)=0,"",SUM(K67:N67)) -> 9 | R67: =IF(P67="","",P67+Q67) -> 12 | S67: =IF(R67="","",IF(C67="Ecuador",R67,0)) -> 12 | T67: =IF(R67="","",R67-S67) -> 0 | U67: =IF(R67="","",IF(O67>R67,"Revisar: discapacidad "&O67&" mayor que el total "&R67,IF(OR(A67="",B67="",C67="",F67=""),"Falta año, mes, país o motivo",IF(AND(C67="Ecuador",E67=""),"Falta la ciudad","OK")))) -> OK
A68: 2026 | B68: Agosto | C68: España | D68: =IF(E68="","",IFERROR(VLOOKUP(E68,'_Catalogos'!$J$2:$K$1000,2,FALSE),"")) | F68: Gastronomía | H68: 1 | I68: 1 | J68: 1 | K68: 3 | L68: 2 | M68: 2 | P68: =IF(COUNT(G68:O68)=0,"",SUM(G68:J68)) -> 3 | Q68: =IF(COUNT(G68:O68)=0,"",SUM(K68:N68)) -> 7 | R68: =IF(P68="","",P68+Q68) -> 10 | S68: =IF(R68="","",IF(C68="Ecuador",R68,0)) -> 0 | T68: =IF(R68="","",R68-S68) -> 10 | U68: =IF(R68="","",IF(O68>R68,"Revisar: discapacidad "&O68&" mayor que el total "&R68,IF(OR(A68="",B68="",C68="",F68=""),"Falta año, mes, país o motivo",IF(AND(C68="Ecuador",E68=""),"Falta la ciudad","OK")))) -> OK
A69: 2026 | B69: Septiembre | C69: Ecuador | D69: =IF(E69="","",IFERROR(VLOOKUP(E69,'_Catalogos'!$J$2:$K$1000,2,FALSE),"")) -> Chimborazo | E69: Riobamba | F69: Negocios | G69: 1 | M69: 1 | P69: =IF(COUNT(G69:O69)=0,"",SUM(G69:J69)) -> 1 | Q69: =IF(COUNT(G69:O69)=0,"",SUM(K69:N69)) -> 1 | R69: =IF(P69="","",P69+Q69) -> 2 | S69: =IF(R69="","",IF(C69="Ecuador",R69,0)) -> 2 | T69: =IF(R69="","",R69-S69) -> 0 | U69: =IF(R69="","",IF(O69>R69,"Revisar: discapacidad "&O69&" mayor que el total "&R69,IF(OR(A69="",B69="",C69="",F69=""),"Falta año, mes, país o motivo",IF(AND(C69="Ecuador",E69=""),"Falta la ciudad","OK")))) -> OK
A70: 2026 | B70: Septiembre | C70: Ecuador | D70: =IF(E70="","",IFERROR(VLOOKUP(E70,'_Catalogos'!$J$2:$K$1000,2,FALSE),"")) -> Tungurahua | E70: Pelileo | F70: Gastronomía | G70: 4 | H70: 5 | I70: 1 | M70: 3 | P70: =IF(COUNT(G70:O70)=0,"",SUM(G70:J70)) -> 10 | Q70: =IF(COUNT(G70:O70)=0,"",SUM(K70:N70)) -> 3 | R70: =IF(P70="","",P70+Q70) -> 13 | S70: =IF(R70="","",IF(C70="Ecuador",R70,0)) -> 13 | T70: =IF(R70="","",R70-S70) -> 0 | U70: =IF(R70="","",IF(O70>R70,"Revisar: discapacidad "&O70&" mayor que el total "&R70,IF(OR(A70="",B70="",C70="",F70=""),"Falta año, mes, país o motivo",IF(AND(C70="Ecuador",E70=""),"Falta la ciudad","OK")))) -> OK
A71: 2026 | B71: Septiembre | C71: Colombia | D71: =IF(E71="","",IFERROR(VLOOKUP(E71,'_Catalogos'!$J$2:$K$1000,2,FALSE),"")) | F71: Visita familiar | G71: 1 | H71: 1 | I71: 1 | J71: 1 | L71: 1 | M71: 1 | O71: 6 | P71: =IF(COUNT(G71:O71)=0,"",SUM(G71:J71)) -> 4 | Q71: =IF(COUNT(G71:O71)=0,"",SUM(K71:N71)) -> 2 | R71: =IF(P71="","",P71+Q71) -> 6 | S71: =IF(R71="","",IF(C71="Ecuador",R71,0)) -> 0 | T71: =IF(R71="","",R71-S71) -> 6 | U71: =IF(R71="","",IF(O71>R71,"Revisar: discapacidad "&O71&" mayor que el total "&R71,IF(OR(A71="",B71="",C71="",F71=""),"Falta año, mes, país o motivo",IF(AND(C71="Ecuador",E71=""),"Falta la ciudad","OK")))) -> OK
D72: =IF(E72="","",IFERROR(VLOOKUP(E72,'_Catalogos'!$J$2:$K$1000,2,FALSE),"")) | P72: =IF(COUNT(G72:O72)=0,"",SUM(G72:J72)) | Q72: =IF(COUNT(G72:O72)=0,"",SUM(K72:N72)) | R72: =IF(P72="","",P72+Q72) | S72: =IF(R72="","",IF(C72="Ecuador",R72,0)) | T72: =IF(R72="","",R72-S72) | U72: =IF(R72="","",IF(O72>R72,"Revisar: discapacidad "&O72&" mayor que el total "&R72,IF(OR(A72="",B72="",C72="",F72=""),"Falta año, mes, país o motivo",IF(AND(C72="Ecuador",E72=""),"Falta la ciudad","OK"))))
D73: =IF(E73="","",IFERROR(VLOOKUP(E73,'_Catalogos'!$J$2:$K$1000,2,FALSE),"")) | P73: =IF(COUNT(G73:O73)=0,"",SUM(G73:J73)) | Q73: =IF(COUNT(G73:O73)=0,"",SUM(K73:N73)) | R73: =IF(P73="","",P73+Q73) | S73: =IF(R73="","",IF(C73="Ecuador",R73,0)) | T73: =IF(R73="","",R73-S73) | U73: =IF(R73="","",IF(O73>R73,"Revisar: discapacidad "&O73&" mayor que el total "&R73,IF(OR(A73="",B73="",C73="",F73=""),"Falta año, mes, país o motivo",IF(AND(C73="Ecuador",E73=""),"Falta la ciudad","OK"))))
D74: =IF(E74="","",IFERROR(VLOOKUP(E74,'_Catalogos'!$J$2:$K$1000,2,FALSE),"")) | P74: =IF(COUNT(G74:O74)=0,"",SUM(G74:J74)) | Q74: =IF(COUNT(G74:O74)=0,"",SUM(K74:N74)) | R74: =IF(P74="","",P74+Q74) | S74: =IF(R74="","",IF(C74="Ecuador",R74,0)) | T74: =IF(R74="","",R74-S74) | U74: =IF(R74="","",IF(O74>R74,"Revisar: discapacidad "&O74&" mayor que el total "&R74,IF(OR(A74="",B74="",C74="",F74=""),"Falta año, mes, país o motivo",IF(AND(C74="Ecuador",E74=""),"Falta la ciudad","OK"))))
D75: =IF(E75="","",IFERROR(VLOOKUP(E75,'_Catalogos'!$J$2:$K$1000,2,FALSE),"")) | P75: =IF(COUNT(G75:O75)=0,"",SUM(G75:J75)) | Q75: =IF(COUNT(G75:O75)=0,"",SUM(K75:N75)) | R75: =IF(P75="","",P75+Q75) | S75: =IF(R75="","",IF(C75="Ecuador",R75,0)) | T75: =IF(R75="","",R75-S75) | U75: =IF(R75="","",IF(O75>R75,"Revisar: discapacidad "&O75&" mayor que el total "&R75,IF(OR(A75="",B75="",C75="",F75=""),"Falta año, mes, país o motivo",IF(AND(C75="Ecuador",E75=""),"Falta la ciudad","OK"))))
D76: =IF(E76="","",IFERROR(VLOOKUP(E76,'_Catalogos'!$J$2:$K$1000,2,FALSE),"")) | P76: =IF(COUNT(G76:O76)=0,"",SUM(G76:J76)) | Q76: =IF(COUNT(G76:O76)=0,"",SUM(K76:N76)) | R76: =IF(P76="","",P76+Q76) | S76: =IF(R76="","",IF(C76="Ecuador",R76,0)) | T76: =IF(R76="","",R76-S76) | U76: =IF(R76="","",IF(O76>R76,"Revisar: discapacidad "&O76&" mayor que el total "&R76,IF(OR(A76="",B76="",C76="",F76=""),"Falta año, mes, país o motivo",IF(AND(C76="Ecuador",E76=""),"Falta la ciudad","OK"))))
D77: =IF(E77="","",IFERROR(VLOOKUP(E77,'_Catalogos'!$J$2:$K$1000,2,FALSE),"")) | P77: =IF(COUNT(G77:O77)=0,"",SUM(G77:J77)) | Q77: =IF(COUNT(G77:O77)=0,"",SUM(K77:N77)) | R77: =IF(P77="","",P77+Q77) | S77: =IF(R77="","",IF(C77="Ecuador",R77,0)) | T77: =IF(R77="","",R77-S77) | U77: =IF(R77="","",IF(O77>R77,"Revisar: discapacidad "&O77&" mayor que el total "&R77,IF(OR(A77="",B77="",C77="",F77=""),"Falta año, mes, país o motivo",IF(AND(C77="Ecuador",E77=""),"Falta la ciudad","OK"))))
D78: =IF(E78="","",IFERROR(VLOOKUP(E78,'_Catalogos'!$J$2:$K$1000,2,FALSE),"")) | P78: =IF(COUNT(G78:O78)=0,"",SUM(G78:J78)) | Q78: =IF(COUNT(G78:O78)=0,"",SUM(K78:N78)) | R78: =IF(P78="","",P78+Q78) | S78: =IF(R78="","",IF(C78="Ecuador",R78,0)) | T78: =IF(R78="","",R78-S78) | U78: =IF(R78="","",IF(O78>R78,"Revisar: discapacidad "&O78&" mayor que el total "&R78,IF(OR(A78="",B78="",C78="",F78=""),"Falta año, mes, país o motivo",IF(AND(C78="Ecuador",E78=""),"Falta la ciudad","OK"))))
D79: =IF(E79="","",IFERROR(VLOOKUP(E79,'_Catalogos'!$J$2:$K$1000,2,FALSE),"")) | P79: =IF(COUNT(G79:O79)=0,"",SUM(G79:J79)) | Q79: =IF(COUNT(G79:O79)=0,"",SUM(K79:N79)) | R79: =IF(P79="","",P79+Q79) | S79: =IF(R79="","",IF(C79="Ecuador",R79,0)) | T79: =IF(R79="","",R79-S79) | U79: =IF(R79="","",IF(O79>R79,"Revisar: discapacidad "&O79&" mayor que el total "&R79,IF(OR(A79="",B79="",C79="",F79=""),"Falta año, mes, país o motivo",IF(AND(C79="Ecuador",E79=""),"Falta la ciudad","OK"))))
D80: =IF(E80="","",IFERROR(VLOOKUP(E80,'_Catalogos'!$J$2:$K$1000,2,FALSE),"")) | P80: =IF(COUNT(G80:O80)=0,"",SUM(G80:J80)) | Q80: =IF(COUNT(G80:O80)=0,"",SUM(K80:N80)) | R80: =IF(P80="","",P80+Q80) | S80: =IF(R80="","",IF(C80="Ecuador",R80,0)) | T80: =IF(R80="","",R80-S80) | U80: =IF(R80="","",IF(O80>R80,"Revisar: discapacidad "&O80&" mayor que el total "&R80,IF(OR(A80="",B80="",C80="",F80=""),"Falta año, mes, país o motivo",IF(AND(C80="Ecuador",E80=""),"Falta la ciudad","OK"))))
D81: =IF(E81="","",IFERROR(VLOOKUP(E81,'_Catalogos'!$J$2:$K$1000,2,FALSE),"")) | P81: =IF(COUNT(G81:O81)=0,"",SUM(G81:J81)) | Q81: =IF(COUNT(G81:O81)=0,"",SUM(K81:N81)) | R81: =IF(P81="","",P81+Q81) | S81: =IF(R81="","",IF(C81="Ecuador",R81,0)) | T81: =IF(R81="","",R81-S81) | U81: =IF(R81="","",IF(O81>R81,"Revisar: discapacidad "&O81&" mayor que el total "&R81,IF(OR(A81="",B81="",C81="",F81=""),"Falta año, mes, país o motivo",IF(AND(C81="Ecuador",E81=""),"Falta la ciudad","OK"))))
D82: =IF(E82="","",IFERROR(VLOOKUP(E82,'_Catalogos'!$J$2:$K$1000,2,FALSE),"")) | P82: =IF(COUNT(G82:O82)=0,"",SUM(G82:J82)) | Q82: =IF(COUNT(G82:O82)=0,"",SUM(K82:N82)) | R82: =IF(P82="","",P82+Q82) | S82: =IF(R82="","",IF(C82="Ecuador",R82,0)) | T82: =IF(R82="","",R82-S82) | U82: =IF(R82="","",IF(O82>R82,"Revisar: discapacidad "&O82&" mayor que el total "&R82,IF(OR(A82="",B82="",C82="",F82=""),"Falta año, mes, país o motivo",IF(AND(C82="Ecuador",E82=""),"Falta la ciudad","OK"))))
D83: =IF(E83="","",IFERROR(VLOOKUP(E83,'_Catalogos'!$J$2:$K$1000,2,FALSE),"")) | P83: =IF(COUNT(G83:O83)=0,"",SUM(G83:J83)) | Q83: =IF(COUNT(G83:O83)=0,"",SUM(K83:N83)) | R83: =IF(P83="","",P83+Q83) | S83: =IF(R83="","",IF(C83="Ecuador",R83,0)) | T83: =IF(R83="","",R83-S83) | U83: =IF(R83="","",IF(O83>R83,"Revisar: discapacidad "&O83&" mayor que el total "&R83,IF(OR(A83="",B83="",C83="",F83=""),"Falta año, mes, país o motivo",IF(AND(C83="Ecuador",E83=""),"Falta la ciudad","OK"))))
... D600: =IF(E600="","",IFERROR(VLOOKUP(E600,'_Catalogos'!$J$2:$K$1000,2,FALSE),"")) | P600: =IF(COUNT(G600:O600)=0,"",SUM(G600:J600)) | Q600: =IF(COUNT(G600:O600)=0,"",SUM(K600:N600)) | R600: =IF(P600="","",P600+Q600) | S600: =IF(R600="","",IF(C600="Ecuador",R600,0)) | T600: =IF(R600="","",R600-S600) | U600: =IF(R600="","",IF(O600>R600,"Revisar: discapacidad "&O600&" mayor que el total "&R600,IF(OR(A600="",B600="",C600="",F600=""),"Falta año, mes, país o motivo",IF(AND(C600="Ecuador",E600=""),"Falta la ciudad","OK"))))

Sheet Hacienda La Colina
A1: Año | B1: Mes | C1: País | D1: Provincia | E1: Ciudad | F1: Motivo de visita | G1: Mujeres 0-30 | H1: Mujeres 31-45 | I1: Mujeres 46-60 | J1: Mujeres 61+ | K1: Hombres 0-30 | L1: Hombres 31-45 | M1: Hombres 46-60 | N1: Hombres 61+ | O1: Personas con discapacidad | P1: Total mujeres | Q1: Total hombres | R1: Total visitantes | S1: Nacionales | T1: Extranjeros | U1: Estado
A2: 2025 | B2: Enero | C2: Ecuador | D2: =IF(E2="","",IFERROR(VLOOKUP(E2,'_Catalogos'!$J$2:$K$1000,2,FALSE),"")) -> Loja | E2: Loja | F2: Descanso | G2: 4 | H2: 3 | I2: 2 | K2: 1 | L2: 3 | M2: 1 | P2: =IF(COUNT(G2:O2)=0,"",SUM(G2:J2)) -> 9 | Q2: =IF(COUNT(G2:O2)=0,"",SUM(K2:N2)) -> 5 | R2: =IF(P2="","",P2+Q2) -> 14 | S2: =IF(R2="","",IF(C2="Ecuador",R2,0)) -> 14 | T2: =IF(R2="","",R2-S2) -> 0 | U2: =IF(R2="","",IF(O2>R2,"Revisar: discapacidad "&O2&" mayor que el total "&R2,IF(OR(A2="",B2="",C2="",F2=""),"Falta año, mes, país o motivo",IF(AND(C2="Ecuador",E2=""),"Falta la ciudad","OK")))) -> OK
A3: 2025 | B3: Enero | C3: Argentina | D3: =IF(E3="","",IFERROR(VLOOKUP(E3,'_Catalogos'!$J$2:$K$1000,2,FALSE),"")) | F3: Visita familiar | G3: 3 | H3: 1 | I3: 2 | K3: 1 | L3: 3 | M3: 2 | P3: =IF(COUNT(G3:O3)=0,"",SUM(G3:J3)) -> 6 | Q3: =IF(COUNT(G3:O3)=0,"",SUM(K3:N3)) -> 6 | R3: =IF(P3="","",P3+Q3) -> 12 | S3: =IF(R3="","",IF(C3="Ecuador",R3,0)) -> 0 | T3: =IF(R3="","",R3-S3) -> 12 | U3: =IF(R3="","",IF(O3>R3,"Revisar: discapacidad "&O3&" mayor que el total "&R3,IF(OR(A3="",B3="",C3="",F3=""),"Falta año, mes, país o motivo",IF(AND(C3="Ecuador",E3=""),"Falta la ciudad","OK")))) -> OK
A4: 2025 | B4: Enero | C4: Ecuador | D4: =IF(E4="","",IFERROR(VLOOKUP(E4,'_Catalogos'!$J$2:$K$1000,2,FALSE),"")) -> Cotopaxi | E4: Salcedo | F4: Visita familiar | H4: 3 | I4: 1 | K4: 3 | L4: 3 | M4: 2 | O4: 2 | P4: =IF(COUNT(G4:O4)=0,"",SUM(G4:J4)) -> 4 | Q4: =IF(COUNT(G4:O4)=0,"",SUM(K4:N4)) -> 8 | R4: =IF(P4="","",P4+Q4) -> 12 | S4: =IF(R4="","",IF(C4="Ecuador",R4,0)) -> 12 | T4: =IF(R4="","",R4-S4) -> 0 | U4: =IF(R4="","",IF(O4>R4,"Revisar: discapacidad "&O4&" mayor que el total "&R4,IF(OR(A4="",B4="",C4="",F4=""),"Falta año, mes, país o motivo",IF(AND(C4="Ecuador",E4=""),"Falta la ciudad","OK")))) -> OK
A5: 2025 | B5: Enero | C5: Ecuador | D5: =IF(E5="","",IFERROR(VLOOKUP(E5,'_Catalogos'!$J$2:$K$1000,2,FALSE),"")) -> El Oro | E5: Machala | F5: Turismo | G5: 4 | H5: 1 | I5: 1 | J5: 1 | K5: 2 | L5: 1 | M5: 1 | P5: =IF(COUNT(G5:O5)=0,"",SUM(G5:J5)) -> 7 | Q5: =IF(COUNT(G5:O5)=0,"",SUM(K5:N5)) -> 4 | R5: =IF(P5="","",P5+Q5) -> 11 | S5: =IF(R5="","",IF(C5="Ecuador",R5,0)) -> 11 | T5: =IF(R5="","",R5-S5) -> 0 | U5: =IF(R5="","",IF(O5>R5,"Revisar: discapacidad "&O5&" mayor que el total "&R5,IF(OR(A5="",B5="",C5="",F5=""),"Falta año, mes, país o motivo",IF(AND(C5="Ecuador",E5=""),"Falta la ciudad","OK")))) -> OK
A6: 2025 | B6: Enero | C6: Ecuador | D6: =IF(E6="","",IFERROR(VLOOKUP(E6,'_Catalogos'!$J$2:$K$1000,2,FALSE),"")) -> Loja | E6: Loja | F6: Turismo | G6: 2 | H6: 5 | I6: 2 | J6: 1 | K6: 1 | L6: 4 | M6: 2 | P6: =IF(COUNT(G6:O6)=0,"",SUM(G6:J6)) -> 10 | Q6: =IF(COUNT(G6:O6)=0,"",SUM(K6:N6)) -> 7 | R6: =IF(P6="","",P6+Q6) -> 17 | S6: =IF(R6="","",IF(C6="Ecuador",R6,0)) -> 17 | T6: =IF(R6="","",R6-S6) -> 0 | U6: =IF(R6="","",IF(O6>R6,"Revisar: discapacidad "&O6&" mayor que el total "&R6,IF(OR(A6="",B6="",C6="",F6=""),"Falta año, mes, país o motivo",IF(AND(C6="Ecuador",E6=""),"Falta la ciudad","OK")))) -> OK
A7: 2025 | B7: Enero | C7: Ecuador | D7: =IF(E7="","",IFERROR(VLOOKUP(E7,'_Catalogos'!$J$2:$K$1000,2,FALSE),"")) -> El Oro | E7: Balsas | F7: Gastronomía | G7: 3 | P7: =IF(COUNT(G7:O7)=0,"",SUM(G7:J7)) -> 3 | Q7: =IF(COUNT(G7:O7)=0,"",SUM(K7:N7)) -> 0 | R7: =IF(P7="","",P7+Q7) -> 3 | S7: =IF(R7="","",IF(C7="Ecuador",R7,0)) -> 3 | T7: =IF(R7="","",R7-S7) -> 0 | U7: =IF(R7="","",IF(O7>R7,"Revisar: discapacidad "&O7&" mayor que el total "&R7,IF(OR(A7="",B7="",C7="",F7=""),"Falta año, mes, país o motivo",IF(AND(C7="Ecuador",E7=""),"Falta la ciudad","OK")))) -> OK
A8: 2025 | B8: Febrero | C8: Estados Unidos | D8: =IF(E8="","",IFERROR(VLOOKUP(E8,'_Catalogos'!$J$2:$K$1000,2,FALSE),"")) | F8: Visita familiar | G8: 2 | H8: 2 | I8: 2 | K8: 1 | L8: 2 | M8: 2 | P8: =IF(COUNT(G8:O8)=0,"",SUM(G8:J8)) -> 6 | Q8: =IF(COUNT(G8:O8)=0,"",SUM(K8:N8)) -> 5 | R8: =IF(P8="","",P8+Q8) -> 11 | S8: =IF(R8="","",IF(C8="Ecuador",R8,0)) -> 0 | T8: =IF(R8="","",R8-S8) -> 11 | U8: =IF(R8="","",IF(O8>R8,"Revisar: discapacidad "&O8&" mayor que el total "&R8,IF(OR(A8="",B8="",C8="",F8=""),"Falta año, mes, país o motivo",IF(AND(C8="Ecuador",E8=""),"Falta la ciudad","OK")))) -> OK
A9: 2025 | B9: Febrero | C9: Colombia | D9: =IF(E9="","",IFERROR(VLOOKUP(E9,'_Catalogos'!$J$2:$K$1000,2,FALSE),"")) | F9: Evento | G9: 1 | H9: 2 | I9: 4 | J9: 1 | L9: 2 | M9: 3 | P9: =IF(COUNT(G9:O9)=0,"",SUM(G9:J9)) -> 8 | Q9: =IF(COUNT(G9:O9)=0,"",SUM(K9:N9)) -> 5 | R9: =IF(P9="","",P9+Q9) -> 13 | S9: =IF(R9="","",IF(C9="Ecuador",R9,0)) -> 0 | T9: =IF(R9="","",R9-S9) -> 13 | U9: =IF(R9="","",IF(O9>R9,"Revisar: discapacidad "&O9&" mayor que el total "&R9,IF(OR(A9="",B9="",C9="",F9=""),"Falta año, mes, país o motivo",IF(AND(C9="Ecuador",E9=""),"Falta la ciudad","OK")))) -> OK
A10: 2025 | B10: Febrero | C10: Ecuador | D10: =IF(E10="","",IFERROR(VLOOKUP(E10,'_Catalogos'!$J$2:$K$1000,2,FALSE),"")) -> Loja | E10: Loja | F10: Turismo | H10: 1 | I10: 3 | K10: 1 | L10: 1 | N10: 1 | P10: =IF(COUNT(G10:O10)=0,"",SUM(G10:J10)) -> 4 | Q10: =IF(COUNT(G10:O10)=0,"",SUM(K10:N10)) -> 3 | R10: =IF(P10="","",P10+Q10) -> 7 | S10: =IF(R10="","",IF(C10="Ecuador",R10,0)) -> 7 | T10: =IF(R10="","",R10-S10) -> 0 | U10: =IF(R10="","",IF(O10>R10,"Revisar: discapacidad "&O10&" mayor que el total "&R10,IF(OR(A10="",B10="",C10="",F10=""),"Falta año, mes, país o motivo",IF(AND(C10="Ecuador",E10=""),"Falta la ciudad","OK")))) -> OK
A11: 2025 | B11: Febrero | C11: Ecuador | D11: =IF(E11="","",IFERROR(VLOOKUP(E11,'_Catalogos'!$J$2:$K$1000,2,FALSE),"")) -> Tungurahua | E11: Baños | F11: Evento | G11: 1 | H11: 1 | I11: 1 | K11: 2 | L11: 3 | M11: 2 | N11: 1 | P11: =IF(COUNT(G11:O11)=0,"",SUM(G11:J11)) -> 3 | Q11: =IF(COUNT(G11:O11)=0,"",SUM(K11:N11)) -> 8 | R11: =IF(P11="","",P11+Q11) -> 11 | S11: =IF(R11="","",IF(C11="Ecuador",R11,0)) -> 11 | T11: =IF(R11="","",R11-S11) -> 0 | U11: =IF(R11="","",IF(O11>R11,"Revisar: discapacidad "&O11&" mayor que el total "&R11,IF(OR(A11="",B11="",C11="",F11=""),"Falta año, mes, país o motivo",IF(AND(C11="Ecuador",E11=""),"Falta la ciudad","OK")))) -> OK
A12: 2025 | B12: Marzo | C12: México | D12: =IF(E12="","",IFERROR(VLOOKUP(E12,'_Catalogos'!$J$2:$K$1000,2,FALSE),"")) | F12: Descanso | H12: 1 | J12: 1 | K12: 1 | M12: 2 | P12: =IF(COUNT(G12:O12)=0,"",SUM(G12:J12)) -> 2 | Q12: =IF(COUNT(G12:O12)=0,"",SUM(K12:N12)) -> 3 | R12: =IF(P12="","",P12+Q12) -> 5 | S12: =IF(R12="","",IF(C12="Ecuador",R12,0)) -> 0 | T12: =IF(R12="","",R12-S12) -> 5 | U12: =IF(R12="","",IF(O12>R12,"Revisar: discapacidad "&O12&" mayor que el total "&R12,IF(OR(A12="",B12="",C12="",F12=""),"Falta año, mes, país o motivo",IF(AND(C12="Ecuador",E12=""),"Falta la ciudad","OK")))) -> OK
A13: 2025 | B13: Marzo | C13: Colombia | D13: =IF(E13="","",IFERROR(VLOOKUP(E13,'_Catalogos'!$J$2:$K$1000,2,FALSE),"")) | F13: Turismo | H13: 2 | I13: 2 | K13: 2 | L13: 1 | M13: 4 | N13: 1 | P13: =IF(COUNT(G13:O13)=0,"",SUM(G13:J13)) -> 4 | Q13: =IF(COUNT(G13:O13)=0,"",SUM(K13:N13)) -> 8 | R13: =IF(P13="","",P13+Q13) -> 12 | S13: =IF(R13="","",IF(C13="Ecuador",R13,0)) -> 0 | T13: =IF(R13="","",R13-S13) -> 12 | U13: =IF(R13="","",IF(O13>R13,"Revisar: discapacidad "&O13&" mayor que el total "&R13,IF(OR(A13="",B13="",C13="",F13=""),"Falta año, mes, país o motivo",IF(AND(C13="Ecuador",E13=""),"Falta la ciudad","OK")))) -> OK
A14: 2025 | B14: Abril | C14: Francia | D14: =IF(E14="","",IFERROR(VLOOKUP(E14,'_Catalogos'!$J$2:$K$1000,2,FALSE),"")) | F14: Gastronomía | G14: 1 | M14: 1 | P14: =IF(COUNT(G14:O14)=0,"",SUM(G14:J14)) -> 1 | Q14: =IF(COUNT(G14:O14)=0,"",SUM(K14:N14)) -> 1 | R14: =IF(P14="","",P14+Q14) -> 2 | S14: =IF(R14="","",IF(C14="Ecuador",R14,0)) -> 0 | T14: =IF(R14="","",R14-S14) -> 2 | U14: =IF(R14="","",IF(O14>R14,"Revisar: discapacidad "&O14&" mayor que el total "&R14,IF(OR(A14="",B14="",C14="",F14=""),"Falta año, mes, país o motivo",IF(AND(C14="Ecuador",E14=""),"Falta la ciudad","OK")))) -> OK
A15: 2025 | B15: Abril | C15: Ecuador | D15: =IF(E15="","",IFERROR(VLOOKUP(E15,'_Catalogos'!$J$2:$K$1000,2,FALSE),"")) -> Chimborazo | E15: Riobamba | F15: Gastronomía | H15: 1 | K15: 2 | L15: 1 | M15: 1 | N15: 1 | P15: =IF(COUNT(G15:O15)=0,"",SUM(G15:J15)) -> 1 | Q15: =IF(COUNT(G15:O15)=0,"",SUM(K15:N15)) -> 5 | R15: =IF(P15="","",P15+Q15) -> 6 | S15: =IF(R15="","",IF(C15="Ecuador",R15,0)) -> 6 | T15: =IF(R15="","",R15-S15) -> 0 | U15: =IF(R15="","",IF(O15>R15,"Revisar: discapacidad "&O15&" mayor que el total "&R15,IF(OR(A15="",B15="",C15="",F15=""),"Falta año, mes, país o motivo",IF(AND(C15="Ecuador",E15=""),"Falta la ciudad","OK")))) -> OK
A16: 2025 | B16: Abril | C16: Ecuador | D16: =IF(E16="","",IFERROR(VLOOKUP(E16,'_Catalogos'!$J$2:$K$1000,2,FALSE),"")) -> Cotopaxi | E16: Latacunga | F16: Descanso | L16: 1 | P16: =IF(COUNT(G16:O16)=0,"",SUM(G16:J16)) -> 0 | Q16: =IF(COUNT(G16:O16)=0,"",SUM(K16:N16)) -> 1 | R16: =IF(P16="","",P16+Q16) -> 1 | S16: =IF(R16="","",IF(C16="Ecuador",R16,0)) -> 1 | T16: =IF(R16="","",R16-S16) -> 0 | U16: =IF(R16="","",IF(O16>R16,"Revisar: discapacidad "&O16&" mayor que el total "&R16,IF(OR(A16="",B16="",C16="",F16=""),"Falta año, mes, país o motivo",IF(AND(C16="Ecuador",E16=""),"Falta la ciudad","OK")))) -> OK
A17: 2025 | B17: Mayo | C17: Ecuador | D17: =IF(E17="","",IFERROR(VLOOKUP(E17,'_Catalogos'!$J$2:$K$1000,2,FALSE),"")) -> Imbabura | E17: Ibarra | F17: Gastronomía | G17: 2 | H17: 4 | I17: 2 | K17: 2 | L17: 1 | M17: 3 | N17: 2 | P17: =IF(COUNT(G17:O17)=0,"",SUM(G17:J17)) -> 8 | Q17: =IF(COUNT(G17:O17)=0,"",SUM(K17:N17)) -> 8 | R17: =IF(P17="","",P17+Q17) -> 16 | S17: =IF(R17="","",IF(C17="Ecuador",R17,0)) -> 16 | T17: =IF(R17="","",R17-S17) -> 0 | U17: =IF(R17="","",IF(O17>R17,"Revisar: discapacidad "&O17&" mayor que el total "&R17,IF(OR(A17="",B17="",C17="",F17=""),"Falta año, mes, país o motivo",IF(AND(C17="Ecuador",E17=""),"Falta la ciudad","OK")))) -> OK
A18: 2025 | B18: Mayo | C18: Argentina | D18: =IF(E18="","",IFERROR(VLOOKUP(E18,'_Catalogos'!$J$2:$K$1000,2,FALSE),"")) | F18: Turismo | G18: 1 | H18: 1 | J18: 1 | L18: 3 | M18: 1 | P18: =IF(COUNT(G18:O18)=0,"",SUM(G18:J18)) -> 3 | Q18: =IF(COUNT(G18:O18)=0,"",SUM(K18:N18)) -> 4 | R18: =IF(P18="","",P18+Q18) -> 7 | S18: =IF(R18="","",IF(C18="Ecuador",R18,0)) -> 0 | T18: =IF(R18="","",R18-S18) -> 7 | U18: =IF(R18="","",IF(O18>R18,"Revisar: discapacidad "&O18&" mayor que el total "&R18,IF(OR(A18="",B18="",C18="",F18=""),"Falta año, mes, país o motivo",IF(AND(C18="Ecuador",E18=""),"Falta la ciudad","OK")))) -> OK
A19: 2025 | B19: Junio | C19: Ecuador | D19: =IF(E19="","",IFERROR(VLOOKUP(E19,'_Catalogos'!$J$2:$K$1000,2,FALSE),"")) -> Loja | E19: Loja | F19: Descanso | G19: 2 | H19: 3 | I19: 1 | K19: 1 | M19: 3 | N19: 1 | P19: =IF(COUNT(G19:O19)=0,"",SUM(G19:J19)) -> 6 | Q19: =IF(COUNT(G19:O19)=0,"",SUM(K19:N19)) -> 5 | R19: =IF(P19="","",P19+Q19) -> 11 | S19: =IF(R19="","",IF(C19="Ecuador",R19,0)) -> 11 | T19: =IF(R19="","",R19-S19) -> 0 | U19: =IF(R19="","",IF(O19>R19,"Revisar: discapacidad "&O19&" mayor que el total "&R19,IF(OR(A19="",B19="",C19="",F19=""),"Falta año, mes, país o motivo",IF(AND(C19="Ecuador",E19=""),"Falta la ciudad","OK")))) -> OK
A20: 2025 | B20: Junio | C20: Ecuador | D20: =IF(E20="","",IFERROR(VLOOKUP(E20,'_Catalogos'!$J$2:$K$1000,2,FALSE),"")) -> Tungurahua | E20: Baños | F20: Turismo | J20: 1 | L20: 1 | N20: 1 | P20: =IF(COUNT(G20:O20)=0,"",SUM(G20:J20)) -> 1 | Q20: =IF(COUNT(G20:O20)=0,"",SUM(K20:N20)) -> 2 | R20: =IF(P20="","",P20+Q20) -> 3 | S20: =IF(R20="","",IF(C20="Ecuador",R20,0)) -> 3 | T20: =IF(R20="","",R20-S20) -> 0 | U20: =IF(R20="","",IF(O20>R20,"Revisar: discapacidad "&O20&" mayor que el total "&R20,IF(OR(A20="",B20="",C20="",F20=""),"Falta año, mes, país o motivo",IF(AND(C20="Ecuador",E20=""),"Falta la ciudad","OK")))) -> OK
A21: 2025 | B21: Junio | C21: Ecuador | D21: =IF(E21="","",IFERROR(VLOOKUP(E21,'_Catalogos'!$J$2:$K$1000,2,FALSE),"")) -> Imbabura | E21: Ibarra | F21: Turismo | H21: 1 | I21: 1 | J21: 2 | K21: 2 | L21: 1 | O21: 7 | P21: =IF(COUNT(G21:O21)=0,"",SUM(G21:J21)) -> 4 | Q21: =IF(COUNT(G21:O21)=0,"",SUM(K21:N21)) -> 3 | R21: =IF(P21="","",P21+Q21) -> 7 | S21: =IF(R21="","",IF(C21="Ecuador",R21,0)) -> 7 | T21: =IF(R21="","",R21-S21) -> 0 | U21: =IF(R21="","",IF(O21>R21,"Revisar: discapacidad "&O21&" mayor que el total "&R21,IF(OR(A21="",B21="",C21="",F21=""),"Falta año, mes, país o motivo",IF(AND(C21="Ecuador",E21=""),"Falta la ciudad","OK")))) -> OK
A22: 2025 | B22: Julio | C22: Perú | D22: =IF(E22="","",IFERROR(VLOOKUP(E22,'_Catalogos'!$J$2:$K$1000,2,FALSE),"")) | F22: Turismo | H22: 1 | I22: 1 | K22: 1 | N22: 1 | P22: =IF(COUNT(G22:O22)=0,"",SUM(G22:J22)) -> 2 | Q22: =IF(COUNT(G22:O22)=0,"",SUM(K22:N22)) -> 2 | R22: =IF(P22="","",P22+Q22) -> 4 | S22: =IF(R22="","",IF(C22="Ecuador",R22,0)) -> 0 | T22: =IF(R22="","",R22-S22) -> 4 | U22: =IF(R22="","",IF(O22>R22,"Revisar: discapacidad "&O22&" mayor que el total "&R22,IF(OR(A22="",B22="",C22="",F22=""),"Falta año, mes, país o motivo",IF(AND(C22="Ecuador",E22=""),"Falta la ciudad","OK")))) -> OK
A23: 2025 | B23: Julio | C23: Colombia | D23: =IF(E23="","",IFERROR(VLOOKUP(E23,'_Catalogos'!$J$2:$K$1000,2,FALSE),"")) | F23: Descanso | G23: 1 | H23: 3 | K23: 1 | L23: 2 | M23: 1 | N23: 1 | P23: =IF(COUNT(G23:O23)=0,"",SUM(G23:J23)) -> 4 | Q23: =IF(COUNT(G23:O23)=0,"",SUM(K23:N23)) -> 5 | R23: =IF(P23="","",P23+Q23) -> 9 | S23: =IF(R23="","",IF(C23="Ecuador",R23,0)) -> 0 | T23: =IF(R23="","",R23-S23) -> 9 | U23: =IF(R23="","",IF(O23>R23,"Revisar: discapacidad "&O23&" mayor que el total "&R23,IF(OR(A23="",B23="",C23="",F23=""),"Falta año, mes, país o motivo",IF(AND(C23="Ecuador",E23=""),"Falta la ciudad","OK")))) -> OK
A24: 2025 | B24: Julio | C24: Ecuador | D24: =IF(E24="","",IFERROR(VLOOKUP(E24,'_Catalogos'!$J$2:$K$1000,2,FALSE),"")) -> Guayas | E24: Guayaquil | F24: Evento | G24: 2 | H24: 4 | I24: 1 | J24: 2 | K24: 3 | L24: 1 | M24: 1 | P24: =IF(COUNT(G24:O24)=0,"",SUM(G24:J24)) -> 9 | Q24: =IF(COUNT(G24:O24)=0,"",SUM(K24:N24)) -> 5 | R24: =IF(P24="","",P24+Q24) -> 14 | S24: =IF(R24="","",IF(C24="Ecuador",R24,0)) -> 14 | T24: =IF(R24="","",R24-S24) -> 0 | U24: =IF(R24="","",IF(O24>R24,"Revisar: discapacidad "&O24&" mayor que el total "&R24,IF(OR(A24="",B24="",C24="",F24=""),"Falta año, mes, país o motivo",IF(AND(C24="Ecuador",E24=""),"Falta la ciudad","OK")))) -> OK
A25: 2025 | B25: Agosto | C25: Ecuador | D25: =IF(E25="","",IFERROR(VLOOKUP(E25,'_Catalogos'!$J$2:$K$1000,2,FALSE),"")) -> Napo | E25: Tena | F25: Turismo | G25: 5 | H25: 3 | I25: 2 | J25: 1 | K25: 4 | L25: 6 | M25: 2 | P25: =IF(COUNT(G25:O25)=0,"",SUM(G25:J25)) -> 11 | Q25: =IF(COUNT(G25:O25)=0,"",SUM(K25:N25)) -> 12 | R25: =IF(P25="","",P25+Q25) -> 23 | S25: =IF(R25="","",IF(C25="Ecuador",R25,0)) -> 23 | T25: =IF(R25="","",R25-S25) -> 0 | U25: =IF(R25="","",IF(O25>R25,"Revisar: discapacidad "&O25&" mayor que el total "&R25,IF(OR(A25="",B25="",C25="",F25=""),"Falta año, mes, país o motivo",IF(AND(C25="Ecuador",E25=""),"Falta la ciudad","OK")))) -> OK
A26: 2025 | B26: Agosto | C26: Ecuador | D26: =IF(E26="","",IFERROR(VLOOKUP(E26,'_Catalogos'!$J$2:$K$1000,2,FALSE),"")) -> Tungurahua | E26: Ambato | F26: Visita familiar | G26: 3 | H26: 3 | I26: 1 | J26: 1 | K26: 2 | L26: 1 | M26: 1 | O26: 8 | P26: =IF(COUNT(G26:O26)=0,"",SUM(G26:J26)) -> 8 | Q26: =IF(COUNT(G26:O26)=0,"",SUM(K26:N26)) -> 4 | R26: =IF(P26="","",P26+Q26) -> 12 | S26: =IF(R26="","",IF(C26="Ecuador",R26,0)) -> 12 | T26: =IF(R26="","",R26-S26) -> 0 | U26: =IF(R26="","",IF(O26>R26,"Revisar: discapacidad "&O26&" mayor que el total "&R26,IF(OR(A26="",B26="",C26="",F26=""),"Falta año, mes, país o motivo",IF(AND(C26="Ecuador",E26=""),"Falta la ciudad","OK")))) -> OK
A27: 2025 | B27: Agosto | C27: Ecuador | D27: =IF(E27="","",IFERROR(VLOOKUP(E27,'_Catalogos'!$J$2:$K$1000,2,FALSE),"")) -> Carchi | E27: Tulcán | F27: Descanso | G27: 4 | H27: 1 | I27: 6 | J27: 1 | K27: 3 | L27: 1 | M27: 1 | N27: 2 | P27: =IF(COUNT(G27:O27)=0,"",SUM(G27:J27)) -> 12 | Q27: =IF(COUNT(G27:O27)=0,"",SUM(K27:N27)) -> 7 | R27: =IF(P27="","",P27+Q27) -> 19 | S27: =IF(R27="","",IF(C27="Ecuador",R27,0)) -> 19 | T27: =IF(R27="","",R27-S27) -> 0 | U27: =IF(R27="","",IF(O27>R27,"Revisar: discapacidad "&O27&" mayor que el total "&R27,IF(OR(A27="",B27="",C27="",F27=""),"Falta año, mes, país o motivo",IF(AND(C27="Ecuador",E27=""),"Falta la ciudad","OK")))) -> OK
A28: 2025 | B28: Agosto | C28: Argentina | D28: =IF(E28="","",IFERROR(VLOOKUP(E28,'_Catalogos'!$J$2:$K$1000,2,FALSE),"")) | F28: Descanso | G28: 1 | H28: 2 | L28: 1 | M28: 1 | P28: =IF(COUNT(G28:O28)=0,"",SUM(G28:J28)) -> 3 | Q28: =IF(COUNT(G28:O28)=0,"",SUM(K28:N28)) -> 2 | R28: =IF(P28="","",P28+Q28) -> 5 | S28: =IF(R28="","",IF(C28="Ecuador",R28,0)) -> 0 | T28: =IF(R28="","",R28-S28) -> 5 | U28: =IF(R28="","",IF(O28>R28,"Revisar: discapacidad "&O28&" mayor que el total "&R28,IF(OR(A28="",B28="",C28="",F28=""),"Falta año, mes, país o motivo",IF(AND(C28="Ecuador",E28=""),"Falta la ciudad","OK")))) -> OK
A29: 2025 | B29: Septiembre | C29: Ecuador | D29: =IF(E29="","",IFERROR(VLOOKUP(E29,'_Catalogos'!$J$2:$K$1000,2,FALSE),"")) -> Imbabura | E29: Ibarra | F29: Gastronomía | G29: 3 | H29: 3 | I29: 2 | K29: 1 | L29: 2 | M29: 2 | P29: =IF(COUNT(G29:O29)=0,"",SUM(G29:J29)) -> 8 | Q29: =IF(COUNT(G29:O29)=0,"",SUM(K29:N29)) -> 5 | R29: =IF(P29="","",P29+Q29) -> 13 | S29: =IF(R29="","",IF(C29="Ecuador",R29,0)) -> 13 | T29: =IF(R29="","",R29-S29) -> 0 | U29: =IF(R29="","",IF(O29>R29,"Revisar: discapacidad "&O29&" mayor que el total "&R29,IF(OR(A29="",B29="",C29="",F29=""),"Falta año, mes, país o motivo",IF(AND(C29="Ecuador",E29=""),"Falta la ciudad","OK")))) -> OK
A30: 2025 | B30: Septiembre | C30: Ecuador | D30: =IF(E30="","",IFERROR(VLOOKUP(E30,'_Catalogos'!$J$2:$K$1000,2,FALSE),"")) -> Loja | E30: Loja | F30: Gastronomía | G30: 2 | H30: 1 | I30: 3 | K30: 1 | L30: 2 | M30: 1 | P30: =IF(COUNT(G30:O30)=0,"",SUM(G30:J30)) -> 6 | Q30: =IF(COUNT(G30:O30)=0,"",SUM(K30:N30)) -> 4 | R30: =IF(P30="","",P30+Q30) -> 10 | S30: =IF(R30="","",IF(C30="Ecuador",R30,0)) -> 10 | T30: =IF(R30="","",R30-S30) -> 0 | U30: =IF(R30="","",IF(O30>R30,"Revisar: discapacidad "&O30&" mayor que el total "&R30,IF(OR(A30="",B30="",C30="",F30=""),"Falta año, mes, país o motivo",IF(AND(C30="Ecuador",E30=""),"Falta la ciudad","OK")))) -> OK
A31: 2025 | B31: Octubre | C31: Ecuador | D31: =IF(E31="","",IFERROR(VLOOKUP(E31,'_Catalogos'!$J$2:$K$1000,2,FALSE),"")) -> Azuay | E31: Cuenca | F31: Turismo | H31: 2 | L31: 1 | N31: 1 | P31: =IF(COUNT(G31:O31)=0,"",SUM(G31:J31)) -> 2 | Q31: =IF(COUNT(G31:O31)=0,"",SUM(K31:N31)) -> 2 | R31: =IF(P31="","",P31+Q31) -> 4 | S31: =IF(R31="","",IF(C31="Ecuador",R31,0)) -> 4 | T31: =IF(R31="","",R31-S31) -> 0 | U31: =IF(R31="","",IF(O31>R31,"Revisar: discapacidad "&O31&" mayor que el total "&R31,IF(OR(A31="",B31="",C31="",F31=""),"Falta año, mes, país o motivo",IF(AND(C31="Ecuador",E31=""),"Falta la ciudad","OK")))) -> OK
A32: 2025 | B32: Octubre | C32: Alemania | D32: =IF(E32="","",IFERROR(VLOOKUP(E32,'_Catalogos'!$J$2:$K$1000,2,FALSE),"")) | F32: Descanso | J32: 1 | L32: 2 | N32: 2 | P32: =IF(COUNT(G32:O32)=0,"",SUM(G32:J32)) -> 1 | Q32: =IF(COUNT(G32:O32)=0,"",SUM(K32:N32)) -> 4 | R32: =IF(P32="","",P32+Q32) -> 5 | S32: =IF(R32="","",IF(C32="Ecuador",R32,0)) -> 0 | T32: =IF(R32="","",R32-S32) -> 5 | U32: =IF(R32="","",IF(O32>R32,"Revisar: discapacidad "&O32&" mayor que el total "&R32,IF(OR(A32="",B32="",C32="",F32=""),"Falta año, mes, país o motivo",IF(AND(C32="Ecuador",E32=""),"Falta la ciudad","OK")))) -> OK
A33: 2025 | B33: Octubre | C33: Italia | D33: =IF(E33="","",IFERROR(VLOOKUP(E33,'_Catalogos'!$J$2:$K$1000,2,FALSE),"")) | F33: Turismo | H33: 2 | J33: 1 | K33: 2 | L33: 5 | M33: 2 | O33: 8 | P33: =IF(COUNT(G33:O33)=0,"",SUM(G33:J33)) -> 3 | Q33: =IF(COUNT(G33:O33)=0,"",SUM(K33:N33)) -> 9 | R33: =IF(P33="","",P33+Q33) -> 12 | S33: =IF(R33="","",IF(C33="Ecuador",R33,0)) -> 0 | T33: =IF(R33="","",R33-S33) -> 12 | U33: =IF(R33="","",IF(O33>R33,"Revisar: discapacidad "&O33&" mayor que el total "&R33,IF(OR(A33="",B33="",C33="",F33=""),"Falta año, mes, país o motivo",IF(AND(C33="Ecuador",E33=""),"Falta la ciudad","OK")))) -> OK
A34: 2025 | B34: Noviembre | C34: Ecuador | D34: =IF(E34="","",IFERROR(VLOOKUP(E34,'_Catalogos'!$J$2:$K$1000,2,FALSE),"")) -> Cotopaxi | E34: Salcedo | F34: Turismo | G34: 1 | I34: 1 | K34: 2 | L34: 3 | P34: =IF(COUNT(G34:O34)=0,"",SUM(G34:J34)) -> 2 | Q34: =IF(COUNT(G34:O34)=0,"",SUM(K34:N34)) -> 5 | R34: =IF(P34="","",P34+Q34) -> 7 | S34: =IF(R34="","",IF(C34="Ecuador",R34,0)) -> 7 | T34: =IF(R34="","",R34-S34) -> 0 | U34: =IF(R34="","",IF(O34>R34,"Revisar: discapacidad "&O34&" mayor que el total "&R34,IF(OR(A34="",B34="",C34="",F34=""),"Falta año, mes, país o motivo",IF(AND(C34="Ecuador",E34=""),"Falta la ciudad","OK")))) -> OK
A35: 2025 | B35: Noviembre | C35: Ecuador | D35: =IF(E35="","",IFERROR(VLOOKUP(E35,'_Catalogos'!$J$2:$K$1000,2,FALSE),"")) -> Manabí | E35: Bolívar (Manabí) | F35: Turismo | H35: 3 | K35: 1 | L35: 1 | M35: 1 | N35: 1 | O35: 5 | P35: =IF(COUNT(G35:O35)=0,"",SUM(G35:J35)) -> 3 | Q35: =IF(COUNT(G35:O35)=0,"",SUM(K35:N35)) -> 4 | R35: =IF(P35="","",P35+Q35) -> 7 | S35: =IF(R35="","",IF(C35="Ecuador",R35,0)) -> 7 | T35: =IF(R35="","",R35-S35) -> 0 | U35: =IF(R35="","",IF(O35>R35,"Revisar: discapacidad "&O35&" mayor que el total "&R35,IF(OR(A35="",B35="",C35="",F35=""),"Falta año, mes, país o motivo",IF(AND(C35="Ecuador",E35=""),"Falta la ciudad","OK")))) -> OK
A36: 2025 | B36: Noviembre | C36: Estados Unidos | D36: =IF(E36="","",IFERROR(VLOOKUP(E36,'_Catalogos'!$J$2:$K$1000,2,FALSE),"")) | F36: Gastronomía | H36: 4 | I36: 1 | L36: 3 | O36: 3 | P36: =IF(COUNT(G36:O36)=0,"",SUM(G36:J36)) -> 5 | Q36: =IF(COUNT(G36:O36)=0,"",SUM(K36:N36)) -> 3 | R36: =IF(P36="","",P36+Q36) -> 8 | S36: =IF(R36="","",IF(C36="Ecuador",R36,0)) -> 0 | T36: =IF(R36="","",R36-S36) -> 8 | U36: =IF(R36="","",IF(O36>R36,"Revisar: discapacidad "&O36&" mayor que el total "&R36,IF(OR(A36="",B36="",C36="",F36=""),"Falta año, mes, país o motivo",IF(AND(C36="Ecuador",E36=""),"Falta la ciudad","OK")))) -> OK
A37: 2025 | B37: Noviembre | C37: Ecuador | D37: =IF(E37="","",IFERROR(VLOOKUP(E37,'_Catalogos'!$J$2:$K$1000,2,FALSE),"")) -> Tungurahua | E37: Ambato | F37: Turismo | G37: 1 | H37: 3 | I37: 2 | K37: 1 | L37: 1 | M37: 2 | P37: =IF(COUNT(G37:O37)=0,"",SUM(G37:J37)) -> 6 | Q37: =IF(COUNT(G37:O37)=0,"",SUM(K37:N37)) -> 4 | R37: =IF(P37="","",P37+Q37) -> 10 | S37: =IF(R37="","",IF(C37="Ecuador",R37,0)) -> 10 | T37: =IF(R37="","",R37-S37) -> 0 | U37: =IF(R37="","",IF(O37>R37,"Revisar: discapacidad "&O37&" mayor que el total "&R37,IF(OR(A37="",B37="",C37="",F37=""),"Falta año, mes, país o motivo",IF(AND(C37="Ecuador",E37=""),"Falta la ciudad","OK")))) -> OK
A38: 2025 | B38: Noviembre | C38: Brasil | D38: =IF(E38="","",IFERROR(VLOOKUP(E38,'_Catalogos'!$J$2:$K$1000,2,FALSE),"")) | F38: Descanso | G38: 3 | H38: 3 | K38: 1 | M38: 1 | P38: =IF(COUNT(G38:O38)=0,"",SUM(G38:J38)) -> 6 | Q38: =IF(COUNT(G38:O38)=0,"",SUM(K38:N38)) -> 2 | R38: =IF(P38="","",P38+Q38) -> 8 | S38: =IF(R38="","",IF(C38="Ecuador",R38,0)) -> 0 | T38: =IF(R38="","",R38-S38) -> 8 | U38: =IF(R38="","",IF(O38>R38,"Revisar: discapacidad "&O38&" mayor que el total "&R38,IF(OR(A38="",B38="",C38="",F38=""),"Falta año, mes, país o motivo",IF(AND(C38="Ecuador",E38=""),"Falta la ciudad","OK")))) -> OK
A39: 2025 | B39: Noviembre | C39: Ecuador | D39: =IF(E39="","",IFERROR(VLOOKUP(E39,'_Catalogos'!$J$2:$K$1000,2,FALSE),"")) -> Chimborazo | E39: Riobamba | F39: Descanso | G39: 2 | H39: 2 | I39: 2 | K39: 3 | L39: 1 | N39: 2 | P39: =IF(COUNT(G39:O39)=0,"",SUM(G39:J39)) -> 6 | Q39: =IF(COUNT(G39:O39)=0,"",SUM(K39:N39)) -> 6 | R39: =IF(P39="","",P39+Q39) -> 12 | S39: =IF(R39="","",IF(C39="Ecuador",R39,0)) -> 12 | T39: =IF(R39="","",R39-S39) -> 0 | U39: =IF(R39="","",IF(O39>R39,"Revisar: discapacidad "&O39&" mayor que el total "&R39,IF(OR(A39="",B39="",C39="",F39=""),"Falta año, mes, país o motivo",IF(AND(C39="Ecuador",E39=""),"Falta la ciudad","OK")))) -> OK
A40: 2025 | B40: Diciembre | C40: Alemania | D40: =IF(E40="","",IFERROR(VLOOKUP(E40,'_Catalogos'!$J$2:$K$1000,2,FALSE),"")) | F40: Descanso | G40: 1 | I40: 1 | K40: 1 | L40: 3 | M40: 1 | P40: =IF(COUNT(G40:O40)=0,"",SUM(G40:J40)) -> 2 | Q40: =IF(COUNT(G40:O40)=0,"",SUM(K40:N40)) -> 5 | R40: =IF(P40="","",P40+Q40) -> 7 | S40: =IF(R40="","",IF(C40="Ecuador",R40,0)) -> 0 | T40: =IF(R40="","",R40-S40) -> 7 | U40: =IF(R40="","",IF(O40>R40,"Revisar: discapacidad "&O40&" mayor que el total "&R40,IF(OR(A40="",B40="",C40="",F40=""),"Falta año, mes, país o motivo",IF(AND(C40="Ecuador",E40=""),"Falta la ciudad","OK")))) -> OK
A41: 2025 | B41: Diciembre | C41: Ecuador | D41: =IF(E41="","",IFERROR(VLOOKUP(E41,'_Catalogos'!$J$2:$K$1000,2,FALSE),"")) -> Pichincha | E41: Quito | F41: Descanso | G41: 1 | I41: 2 | J41: 1 | K41: 5 | L41: 2 | M41: 1 | P41: =IF(COUNT(G41:O41)=0,"",SUM(G41:J41)) -> 4 | Q41: =IF(COUNT(G41:O41)=0,"",SUM(K41:N41)) -> 8 | R41: =IF(P41="","",P41+Q41) -> 12 | S41: =IF(R41="","",IF(C41="Ecuador",R41,0)) -> 12 | T41: =IF(R41="","",R41-S41) -> 0 | U41: =IF(R41="","",IF(O41>R41,"Revisar: discapacidad "&O41&" mayor que el total "&R41,IF(OR(A41="",B41="",C41="",F41=""),"Falta año, mes, país o motivo",IF(AND(C41="Ecuador",E41=""),"Falta la ciudad","OK")))) -> OK
A42: 2025 | B42: Diciembre | C42: España | D42: =IF(E42="","",IFERROR(VLOOKUP(E42,'_Catalogos'!$J$2:$K$1000,2,FALSE),"")) | F42: Gastronomía | G42: 2 | H42: 1 | K42: 1 | L42: 3 | M42: 1 | N42: 2 | P42: =IF(COUNT(G42:O42)=0,"",SUM(G42:J42)) -> 3 | Q42: =IF(COUNT(G42:O42)=0,"",SUM(K42:N42)) -> 7 | R42: =IF(P42="","",P42+Q42) -> 10 | S42: =IF(R42="","",IF(C42="Ecuador",R42,0)) -> 0 | T42: =IF(R42="","",R42-S42) -> 10 | U42: =IF(R42="","",IF(O42>R42,"Revisar: discapacidad "&O42&" mayor que el total "&R42,IF(OR(A42="",B42="",C42="",F42=""),"Falta año, mes, país o motivo",IF(AND(C42="Ecuador",E42=""),"Falta la ciudad","OK")))) -> OK
A43: 2025 | B43: Diciembre | C43: Ecuador | D43: =IF(E43="","",IFERROR(VLOOKUP(E43,'_Catalogos'!$J$2:$K$1000,2,FALSE),"")) -> Azuay | E43: Cuenca | F43: Descanso | G43: 1 | H43: 1 | I43: 3 | J43: 1 | K43: 3 | L43: 4 | M43: 2 | P43: =IF(COUNT(G43:O43)=0,"",SUM(G43:J43)) -> 6 | Q43: =IF(COUNT(G43:O43)=0,"",SUM(K43:N43)) -> 9 | R43: =IF(P43="","",P43+Q43) -> 15 | S43: =IF(R43="","",IF(C43="Ecuador",R43,0)) -> 15 | T43: =IF(R43="","",R43-S43) -> 0 | U43: =IF(R43="","",IF(O43>R43,"Revisar: discapacidad "&O43&" mayor que el total "&R43,IF(OR(A43="",B43="",C43="",F43=""),"Falta año, mes, país o motivo",IF(AND(C43="Ecuador",E43=""),"Falta la ciudad","OK")))) -> OK
A44: 2025 | B44: Diciembre | C44: Nigeria | D44: =IF(E44="","",IFERROR(VLOOKUP(E44,'_Catalogos'!$J$2:$K$1000,2,FALSE),"")) | F44: Evento | G44: 2 | H44: 1 | I44: 1 | L44: 1 | M44: 1 | N44: 2 | P44: =IF(COUNT(G44:O44)=0,"",SUM(G44:J44)) -> 4 | Q44: =IF(COUNT(G44:O44)=0,"",SUM(K44:N44)) -> 4 | R44: =IF(P44="","",P44+Q44) -> 8 | S44: =IF(R44="","",IF(C44="Ecuador",R44,0)) -> 0 | T44: =IF(R44="","",R44-S44) -> 8 | U44: =IF(R44="","",IF(O44>R44,"Revisar: discapacidad "&O44&" mayor que el total "&R44,IF(OR(A44="",B44="",C44="",F44=""),"Falta año, mes, país o motivo",IF(AND(C44="Ecuador",E44=""),"Falta la ciudad","OK")))) -> OK
A45: 2026 | B45: Enero | C45: Ecuador | D45: =IF(E45="","",IFERROR(VLOOKUP(E45,'_Catalogos'!$J$2:$K$1000,2,FALSE),"")) -> Pichincha | E45: Quito | F45: Gastronomía | H45: 3 | J45: 2 | K45: 1 | L45: 2 | M45: 4 | P45: =IF(COUNT(G45:O45)=0,"",SUM(G45:J45)) -> 5 | Q45: =IF(COUNT(G45:O45)=0,"",SUM(K45:N45)) -> 7 | R45: =IF(P45="","",P45+Q45) -> 12 | S45: =IF(R45="","",IF(C45="Ecuador",R45,0)) -> 12 | T45: =IF(R45="","",R45-S45) -> 0 | U45: =IF(R45="","",IF(O45>R45,"Revisar: discapacidad "&O45&" mayor que el total "&R45,IF(OR(A45="",B45="",C45="",F45=""),"Falta año, mes, país o motivo",IF(AND(C45="Ecuador",E45=""),"Falta la ciudad","OK")))) -> OK
A46: 2026 | B46: Enero | C46: México | D46: =IF(E46="","",IFERROR(VLOOKUP(E46,'_Catalogos'!$J$2:$K$1000,2,FALSE),"")) | F46: Evento | G46: 3 | I46: 3 | M46: 1 | N46: 1 | P46: =IF(COUNT(G46:O46)=0,"",SUM(G46:J46)) -> 6 | Q46: =IF(COUNT(G46:O46)=0,"",SUM(K46:N46)) -> 2 | R46: =IF(P46="","",P46+Q46) -> 8 | S46: =IF(R46="","",IF(C46="Ecuador",R46,0)) -> 0 | T46: =IF(R46="","",R46-S46) -> 8 | U46: =IF(R46="","",IF(O46>R46,"Revisar: discapacidad "&O46&" mayor que el total "&R46,IF(OR(A46="",B46="",C46="",F46=""),"Falta año, mes, país o motivo",IF(AND(C46="Ecuador",E46=""),"Falta la ciudad","OK")))) -> OK
A47: 2026 | B47: Enero | C47: Canadá | D47: =IF(E47="","",IFERROR(VLOOKUP(E47,'_Catalogos'!$J$2:$K$1000,2,FALSE),"")) | F47: Descanso | G47: 4 | H47: 3 | I47: 2 | J47: 1 | K47: 3 | L47: 1 | M47: 3 | N47: 2 | P47: =IF(COUNT(G47:O47)=0,"",SUM(G47:J47)) -> 10 | Q47: =IF(COUNT(G47:O47)=0,"",SUM(K47:N47)) -> 9 | R47: =IF(P47="","",P47+Q47) -> 19 | S47: =IF(R47="","",IF(C47="Ecuador",R47,0)) -> 0 | T47: =IF(R47="","",R47-S47) -> 19 | U47: =IF(R47="","",IF(O47>R47,"Revisar: discapacidad "&O47&" mayor que el total "&R47,IF(OR(A47="",B47="",C47="",F47=""),"Falta año, mes, país o motivo",IF(AND(C47="Ecuador",E47=""),"Falta la ciudad","OK")))) -> OK
A48: 2026 | B48: Febrero | C48: Ecuador | D48: =IF(E48="","",IFERROR(VLOOKUP(E48,'_Catalogos'!$J$2:$K$1000,2,FALSE),"")) -> Cotopaxi | E48: Latacunga | F48: Turismo | G48: 2 | H48: 3 | I48: 1 | K48: 3 | L48: 2 | M48: 1 | P48: =IF(COUNT(G48:O48)=0,"",SUM(G48:J48)) -> 6 | Q48: =IF(COUNT(G48:O48)=0,"",SUM(K48:N48)) -> 6 | R48: =IF(P48="","",P48+Q48) -> 12 | S48: =IF(R48="","",IF(C48="Ecuador",R48,0)) -> 12 | T48: =IF(R48="","",R48-S48) -> 0 | U48: =IF(R48="","",IF(O48>R48,"Revisar: discapacidad "&O48&" mayor que el total "&R48,IF(OR(A48="",B48="",C48="",F48=""),"Falta año, mes, país o motivo",IF(AND(C48="Ecuador",E48=""),"Falta la ciudad","OK")))) -> OK
A49: 2026 | B49: Febrero | C49: Ecuador | D49: =IF(E49="","",IFERROR(VLOOKUP(E49,'_Catalogos'!$J$2:$K$1000,2,FALSE),"")) -> Guayas | E49: Guayaquil | F49: Visita familiar | H49: 3 | I49: 1 | K49: 2 | M49: 1 | P49: =IF(COUNT(G49:O49)=0,"",SUM(G49:J49)) -> 4 | Q49: =IF(COUNT(G49:O49)=0,"",SUM(K49:N49)) -> 3 | R49: =IF(P49="","",P49+Q49) -> 7 | S49: =IF(R49="","",IF(C49="Ecuador",R49,0)) -> 7 | T49: =IF(R49="","",R49-S49) -> 0 | U49: =IF(R49="","",IF(O49>R49,"Revisar: discapacidad "&O49&" mayor que el total "&R49,IF(OR(A49="",B49="",C49="",F49=""),"Falta año, mes, país o motivo",IF(AND(C49="Ecuador",E49=""),"Falta la ciudad","OK")))) -> OK
A50: 2026 | B50: Febrero | C50: Reino Unido | D50: =IF(E50="","",IFERROR(VLOOKUP(E50,'_Catalogos'!$J$2:$K$1000,2,FALSE),"")) | F50: Descanso | H50: 1 | I50: 2 | K50: 1 | L50: 5 | N50: 1 | P50: =IF(COUNT(G50:O50)=0,"",SUM(G50:J50)) -> 3 | Q50: =IF(COUNT(G50:O50)=0,"",SUM(K50:N50)) -> 7 | R50: =IF(P50="","",P50+Q50) -> 10 | S50: =IF(R50="","",IF(C50="Ecuador",R50,0)) -> 0 | T50: =IF(R50="","",R50-S50) -> 10 | U50: =IF(R50="","",IF(O50>R50,"Revisar: discapacidad "&O50&" mayor que el total "&R50,IF(OR(A50="",B50="",C50="",F50=""),"Falta año, mes, país o motivo",IF(AND(C50="Ecuador",E50=""),"Falta la ciudad","OK")))) -> OK
A51: 2026 | B51: Marzo | C51: Brasil | D51: =IF(E51="","",IFERROR(VLOOKUP(E51,'_Catalogos'!$J$2:$K$1000,2,FALSE),"")) | F51: Gastronomía | H51: 1 | M51: 1 | P51: =IF(COUNT(G51:O51)=0,"",SUM(G51:J51)) -> 1 | Q51: =IF(COUNT(G51:O51)=0,"",SUM(K51:N51)) -> 1 | R51: =IF(P51="","",P51+Q51) -> 2 | S51: =IF(R51="","",IF(C51="Ecuador",R51,0)) -> 0 | T51: =IF(R51="","",R51-S51) -> 2 | U51: =IF(R51="","",IF(O51>R51,"Revisar: discapacidad "&O51&" mayor que el total "&R51,IF(OR(A51="",B51="",C51="",F51=""),"Falta año, mes, país o motivo",IF(AND(C51="Ecuador",E51=""),"Falta la ciudad","OK")))) -> OK
A52: 2026 | B52: Marzo | C52: Ecuador | D52: =IF(E52="","",IFERROR(VLOOKUP(E52,'_Catalogos'!$J$2:$K$1000,2,FALSE),"")) -> Pichincha | E52: Quito | F52: Gastronomía | I52: 3 | L52: 3 | M52: 3 | P52: =IF(COUNT(G52:O52)=0,"",SUM(G52:J52)) -> 3 | Q52: =IF(COUNT(G52:O52)=0,"",SUM(K52:N52)) -> 6 | R52: =IF(P52="","",P52+Q52) -> 9 | S52: =IF(R52="","",IF(C52="Ecuador",R52,0)) -> 9 | T52: =IF(R52="","",R52-S52) -> 0 | U52: =IF(R52="","",IF(O52>R52,"Revisar: discapacidad "&O52&" mayor que el total "&R52,IF(OR(A52="",B52="",C52="",F52=""),"Falta año, mes, país o motivo",IF(AND(C52="Ecuador",E52=""),"Falta la ciudad","OK")))) -> OK
A53: 2026 | B53: Marzo | C53: Ecuador | D53: =IF(E53="","",IFERROR(VLOOKUP(E53,'_Catalogos'!$J$2:$K$1000,2,FALSE),"")) -> Cotopaxi | E53: Salcedo | F53: Evento | H53: 4 | I53: 1 | J53: 1 | K53: 2 | L53: 4 | M53: 1 | P53: =IF(COUNT(G53:O53)=0,"",SUM(G53:J53)) -> 6 | Q53: =IF(COUNT(G53:O53)=0,"",SUM(K53:N53)) -> 7 | R53: =IF(P53="","",P53+Q53) -> 13 | S53: =IF(R53="","",IF(C53="Ecuador",R53,0)) -> 13 | T53: =IF(R53="","",R53-S53) -> 0 | U53: =IF(R53="","",IF(O53>R53,"Revisar: discapacidad "&O53&" mayor que el total "&R53,IF(OR(A53="",B53="",C53="",F53=""),"Falta año, mes, país o motivo",IF(AND(C53="Ecuador",E53=""),"Falta la ciudad","OK")))) -> OK
A54: 2026 | B54: Abril | C54: Ecuador | D54: =IF(E54="","",IFERROR(VLOOKUP(E54,'_Catalogos'!$J$2:$K$1000,2,FALSE),"")) -> Loja | E54: Loja | F54: Visita familiar | G54: 1 | K54: 1 | P54: =IF(COUNT(G54:O54)=0,"",SUM(G54:J54)) -> 1 | Q54: =IF(COUNT(G54:O54)=0,"",SUM(K54:N54)) -> 1 | R54: =IF(P54="","",P54+Q54) -> 2 | S54: =IF(R54="","",IF(C54="Ecuador",R54,0)) -> 2 | T54: =IF(R54="","",R54-S54) -> 0 | U54: =IF(R54="","",IF(O54>R54,"Revisar: discapacidad "&O54&" mayor que el total "&R54,IF(OR(A54="",B54="",C54="",F54=""),"Falta año, mes, país o motivo",IF(AND(C54="Ecuador",E54=""),"Falta la ciudad","OK")))) -> OK
A55: 2026 | B55: Abril | C55: Perú | D55: =IF(E55="","",IFERROR(VLOOKUP(E55,'_Catalogos'!$J$2:$K$1000,2,FALSE),"")) | F55: Turismo | H55: 1 | I55: 1 | L55: 1 | M55: 1 | N55: 1 | P55: =IF(COUNT(G55:O55)=0,"",SUM(G55:J55)) -> 2 | Q55: =IF(COUNT(G55:O55)=0,"",SUM(K55:N55)) -> 3 | R55: =IF(P55="","",P55+Q55) -> 5 | S55: =IF(R55="","",IF(C55="Ecuador",R55,0)) -> 0 | T55: =IF(R55="","",R55-S55) -> 5 | U55: =IF(R55="","",IF(O55>R55,"Revisar: discapacidad "&O55&" mayor que el total "&R55,IF(OR(A55="",B55="",C55="",F55=""),"Falta año, mes, país o motivo",IF(AND(C55="Ecuador",E55=""),"Falta la ciudad","OK")))) -> OK
A56: 2026 | B56: Mayo | C56: Ecuador | D56: =IF(E56="","",IFERROR(VLOOKUP(E56,'_Catalogos'!$J$2:$K$1000,2,FALSE),"")) -> Pichincha | E56: Quito | F56: Turismo | G56: 1 | K56: 3 | P56: =IF(COUNT(G56:O56)=0,"",SUM(G56:J56)) -> 1 | Q56: =IF(COUNT(G56:O56)=0,"",SUM(K56:N56)) -> 3 | R56: =IF(P56="","",P56+Q56) -> 4 | S56: =IF(R56="","",IF(C56="Ecuador",R56,0)) -> 4 | T56: =IF(R56="","",R56-S56) -> 0 | U56: =IF(R56="","",IF(O56>R56,"Revisar: discapacidad "&O56&" mayor que el total "&R56,IF(OR(A56="",B56="",C56="",F56=""),"Falta año, mes, país o motivo",IF(AND(C56="Ecuador",E56=""),"Falta la ciudad","OK")))) -> OK
A57: 2026 | B57: Mayo | C57: Francia | D57: =IF(E57="","",IFERROR(VLOOKUP(E57,'_Catalogos'!$J$2:$K$1000,2,FALSE),"")) | F57: Gastronomía | G57: 1 | K57: 2 | L57: 1 | M57: 1 | N57: 1 | P57: =IF(COUNT(G57:O57)=0,"",SUM(G57:J57)) -> 1 | Q57: =IF(COUNT(G57:O57)=0,"",SUM(K57:N57)) -> 5 | R57: =IF(P57="","",P57+Q57) -> 6 | S57: =IF(R57="","",IF(C57="Ecuador",R57,0)) -> 0 | T57: =IF(R57="","",R57-S57) -> 6 | U57: =IF(R57="","",IF(O57>R57,"Revisar: discapacidad "&O57&" mayor que el total "&R57,IF(OR(A57="",B57="",C57="",F57=""),"Falta año, mes, país o motivo",IF(AND(C57="Ecuador",E57=""),"Falta la ciudad","OK")))) -> OK
A58: 2026 | B58: Mayo | C58: Estados Unidos | D58: =IF(E58="","",IFERROR(VLOOKUP(E58,'_Catalogos'!$J$2:$K$1000,2,FALSE),"")) | F58: Gastronomía | H58: 1 | K58: 1 | N58: 1 | O58: 3 | P58: =IF(COUNT(G58:O58)=0,"",SUM(G58:J58)) -> 1 | Q58: =IF(COUNT(G58:O58)=0,"",SUM(K58:N58)) -> 2 | R58: =IF(P58="","",P58+Q58) -> 3 | S58: =IF(R58="","",IF(C58="Ecuador",R58,0)) -> 0 | T58: =IF(R58="","",R58-S58) -> 3 | U58: =IF(R58="","",IF(O58>R58,"Revisar: discapacidad "&O58&" mayor que el total "&R58,IF(OR(A58="",B58="",C58="",F58=""),"Falta año, mes, país o motivo",IF(AND(C58="Ecuador",E58=""),"Falta la ciudad","OK")))) -> OK
A59: 2026 | B59: Junio | C59: Perú | D59: =IF(E59="","",IFERROR(VLOOKUP(E59,'_Catalogos'!$J$2:$K$1000,2,FALSE),"")) | F59: Turismo | G59: 1 | H59: 3 | K59: 1 | P59: =IF(COUNT(G59:O59)=0,"",SUM(G59:J59)) -> 4 | Q59: =IF(COUNT(G59:O59)=0,"",SUM(K59:N59)) -> 1 | R59: =IF(P59="","",P59+Q59) -> 5 | S59: =IF(R59="","",IF(C59="Ecuador",R59,0)) -> 0 | T59: =IF(R59="","",R59-S59) -> 5 | U59: =IF(R59="","",IF(O59>R59,"Revisar: discapacidad "&O59&" mayor que el total "&R59,IF(OR(A59="",B59="",C59="",F59=""),"Falta año, mes, país o motivo",IF(AND(C59="Ecuador",E59=""),"Falta la ciudad","OK")))) -> OK
A60: 2026 | B60: Junio | C60: Ecuador | D60: =IF(E60="","",IFERROR(VLOOKUP(E60,'_Catalogos'!$J$2:$K$1000,2,FALSE),"")) -> Tungurahua | E60: Pelileo | F60: Gastronomía | G60: 2 | H60: 3 | I60: 2 | M60: 1 | P60: =IF(COUNT(G60:O60)=0,"",SUM(G60:J60)) -> 7 | Q60: =IF(COUNT(G60:O60)=0,"",SUM(K60:N60)) -> 1 | R60: =IF(P60="","",P60+Q60) -> 8 | S60: =IF(R60="","",IF(C60="Ecuador",R60,0)) -> 8 | T60: =IF(R60="","",R60-S60) -> 0 | U60: =IF(R60="","",IF(O60>R60,"Revisar: discapacidad "&O60&" mayor que el total "&R60,IF(OR(A60="",B60="",C60="",F60=""),"Falta año, mes, país o motivo",IF(AND(C60="Ecuador",E60=""),"Falta la ciudad","OK")))) -> OK
A61: 2026 | B61: Julio | C61: Ecuador | D61: =IF(E61="","",IFERROR(VLOOKUP(E61,'_Catalogos'!$J$2:$K$1000,2,FALSE),"")) -> Azuay | E61: Cuenca | F61: Gastronomía | G61: 2 | H61: 2 | K61: 2 | N61: 1 | P61: =IF(COUNT(G61:O61)=0,"",SUM(G61:J61)) -> 4 | Q61: =IF(COUNT(G61:O61)=0,"",SUM(K61:N61)) -> 3 | R61: =IF(P61="","",P61+Q61) -> 7 | S61: =IF(R61="","",IF(C61="Ecuador",R61,0)) -> 7 | T61: =IF(R61="","",R61-S61) -> 0 | U61: =IF(R61="","",IF(O61>R61,"Revisar: discapacidad "&O61&" mayor que el total "&R61,IF(OR(A61="",B61="",C61="",F61=""),"Falta año, mes, país o motivo",IF(AND(C61="Ecuador",E61=""),"Falta la ciudad","OK")))) -> OK
A62: 2026 | B62: Julio | C62: Ecuador | D62: =IF(E62="","",IFERROR(VLOOKUP(E62,'_Catalogos'!$J$2:$K$1000,2,FALSE),"")) -> Tungurahua | E62: Baños | F62: Turismo | G62: 4 | H62: 1 | I62: 2 | M62: 2 | N62: 2 | O62: 1 | P62: =IF(COUNT(G62:O62)=0,"",SUM(G62:J62)) -> 7 | Q62: =IF(COUNT(G62:O62)=0,"",SUM(K62:N62)) -> 4 | R62: =IF(P62="","",P62+Q62) -> 11 | S62: =IF(R62="","",IF(C62="Ecuador",R62,0)) -> 11 | T62: =IF(R62="","",R62-S62) -> 0 | U62: =IF(R62="","",IF(O62>R62,"Revisar: discapacidad "&O62&" mayor que el total "&R62,IF(OR(A62="",B62="",C62="",F62=""),"Falta año, mes, país o motivo",IF(AND(C62="Ecuador",E62=""),"Falta la ciudad","OK")))) -> OK
A63: 2026 | B63: Julio | C63: Ecuador | D63: =IF(E63="","",IFERROR(VLOOKUP(E63,'_Catalogos'!$J$2:$K$1000,2,FALSE),"")) -> Loja | E63: Loja | F63: Gastronomía | H63: 2 | K63: 4 | L63: 2 | M63: 3 | P63: =IF(COUNT(G63:O63)=0,"",SUM(G63:J63)) -> 2 | Q63: =IF(COUNT(G63:O63)=0,"",SUM(K63:N63)) -> 9 | R63: =IF(P63="","",P63+Q63) -> 11 | S63: =IF(R63="","",IF(C63="Ecuador",R63,0)) -> 11 | T63: =IF(R63="","",R63-S63) -> 0 | U63: =IF(R63="","",IF(O63>R63,"Revisar: discapacidad "&O63&" mayor que el total "&R63,IF(OR(A63="",B63="",C63="",F63=""),"Falta año, mes, país o motivo",IF(AND(C63="Ecuador",E63=""),"Falta la ciudad","OK")))) -> OK
A64: 2026 | B64: Julio | C64: Ecuador | D64: =IF(E64="","",IFERROR(VLOOKUP(E64,'_Catalogos'!$J$2:$K$1000,2,FALSE),"")) -> Chimborazo | E64: Riobamba | F64: Descanso | G64: 1 | H64: 2 | I64: 2 | J64: 1 | K64: 6 | L64: 1 | M64: 1 | P64: =IF(COUNT(G64:O64)=0,"",SUM(G64:J64)) -> 6 | Q64: =IF(COUNT(G64:O64)=0,"",SUM(K64:N64)) -> 8 | R64: =IF(P64="","",P64+Q64) -> 14 | S64: =IF(R64="","",IF(C64="Ecuador",R64,0)) -> 14 | T64: =IF(R64="","",R64-S64) -> 0 | U64: =IF(R64="","",IF(O64>R64,"Revisar: discapacidad "&O64&" mayor que el total "&R64,IF(OR(A64="",B64="",C64="",F64=""),"Falta año, mes, país o motivo",IF(AND(C64="Ecuador",E64=""),"Falta la ciudad","OK")))) -> OK
A65: 2026 | B65: Julio | C65: México | D65: =IF(E65="","",IFERROR(VLOOKUP(E65,'_Catalogos'!$J$2:$K$1000,2,FALSE),"")) | F65: Descanso | G65: 1 | H65: 2 | I65: 3 | J65: 1 | K65: 1 | L65: 1 | M65: 1 | N65: 1 | P65: =IF(COUNT(G65:O65)=0,"",SUM(G65:J65)) -> 7 | Q65: =IF(COUNT(G65:O65)=0,"",SUM(K65:N65)) -> 4 | R65: =IF(P65="","",P65+Q65) -> 11 | S65: =IF(R65="","",IF(C65="Ecuador",R65,0)) -> 0 | T65: =IF(R65="","",R65-S65) -> 11 | U65: =IF(R65="","",IF(O65>R65,"Revisar: discapacidad "&O65&" mayor que el total "&R65,IF(OR(A65="",B65="",C65="",F65=""),"Falta año, mes, país o motivo",IF(AND(C65="Ecuador",E65=""),"Falta la ciudad","OK")))) -> OK
A66: 2026 | B66: Agosto | C66: Ecuador | D66: =IF(E66="","",IFERROR(VLOOKUP(E66,'_Catalogos'!$J$2:$K$1000,2,FALSE),"")) -> Tungurahua | E66: Baños | F66: Evento | G66: 4 | H66: 2 | I66: 2 | K66: 2 | L66: 1 | M66: 2 | N66: 1 | O66: 5 | P66: =IF(COUNT(G66:O66)=0,"",SUM(G66:J66)) -> 8 | Q66: =IF(COUNT(G66:O66)=0,"",SUM(K66:N66)) -> 6 | R66: =IF(P66="","",P66+Q66) -> 14 | S66: =IF(R66="","",IF(C66="Ecuador",R66,0)) -> 14 | T66: =IF(R66="","",R66-S66) -> 0 | U66: =IF(R66="","",IF(O66>R66,"Revisar: discapacidad "&O66&" mayor que el total "&R66,IF(OR(A66="",B66="",C66="",F66=""),"Falta año, mes, país o motivo",IF(AND(C66="Ecuador",E66=""),"Falta la ciudad","OK")))) -> OK
A67: 2026 | B67: Agosto | C67: Italia | D67: =IF(E67="","",IFERROR(VLOOKUP(E67,'_Catalogos'!$J$2:$K$1000,2,FALSE),"")) | F67: Gastronomía | G67: 2 | H67: 2 | J67: 1 | K67: 4 | L67: 1 | M67: 1 | N67: 3 | P67: =IF(COUNT(G67:O67)=0,"",SUM(G67:J67)) -> 5 | Q67: =IF(COUNT(G67:O67)=0,"",SUM(K67:N67)) -> 9 | R67: =IF(P67="","",P67+Q67) -> 14 | S67: =IF(R67="","",IF(C67="Ecuador",R67,0)) -> 0 | T67: =IF(R67="","",R67-S67) -> 14 | U67: =IF(R67="","",IF(O67>R67,"Revisar: discapacidad "&O67&" mayor que el total "&R67,IF(OR(A67="",B67="",C67="",F67=""),"Falta año, mes, país o motivo",IF(AND(C67="Ecuador",E67=""),"Falta la ciudad","OK")))) -> OK
A68: 2026 | B68: Agosto | C68: Ecuador | D68: =IF(E68="","",IFERROR(VLOOKUP(E68,'_Catalogos'!$J$2:$K$1000,2,FALSE),"")) -> Chimborazo | E68: Riobamba | F68: Gastronomía | G68: 2 | H68: 4 | I68: 4 | J68: 1 | K68: 3 | M68: 1 | N68: 2 | P68: =IF(COUNT(G68:O68)=0,"",SUM(G68:J68)) -> 11 | Q68: =IF(COUNT(G68:O68)=0,"",SUM(K68:N68)) -> 6 | R68: =IF(P68="","",P68+Q68) -> 17 | S68: =IF(R68="","",IF(C68="Ecuador",R68,0)) -> 17 | T68: =IF(R68="","",R68-S68) -> 0 | U68: =IF(R68="","",IF(O68>R68,"Revisar: discapacidad "&O68&" mayor que el total "&R68,IF(OR(A68="",B68="",C68="",F68=""),"Falta año, mes, país o motivo",IF(AND(C68="Ecuador",E68=""),"Falta la ciudad","OK")))) -> OK
A69: 2026 | B69: Agosto | C69: Ecuador | D69: =IF(E69="","",IFERROR(VLOOKUP(E69,'_Catalogos'!$J$2:$K$1000,2,FALSE),"")) -> Pichincha | E69: Quito | F69: Descanso | G69: 2 | H69: 4 | I69: 1 | J69: 3 | L69: 1 | M69: 2 | P69: =IF(COUNT(G69:O69)=0,"",SUM(G69:J69)) -> 10 | Q69: =IF(COUNT(G69:O69)=0,"",SUM(K69:N69)) -> 3 | R69: =IF(P69="","",P69+Q69) -> 13 | S69: =IF(R69="","",IF(C69="Ecuador",R69,0)) -> 13 | T69: =IF(R69="","",R69-S69) -> 0 | U69: =IF(R69="","",IF(O69>R69,"Revisar: discapacidad "&O69&" mayor que el total "&R69,IF(OR(A69="",B69="",C69="",F69=""),"Falta año, mes, país o motivo",IF(AND(C69="Ecuador",E69=""),"Falta la ciudad","OK")))) -> OK
A70: 2026 | B70: Agosto | C70: Perú | D70: =IF(E70="","",IFERROR(VLOOKUP(E70,'_Catalogos'!$J$2:$K$1000,2,FALSE),"")) | F70: Gastronomía | G70: 1 | I70: 2 | K70: 1 | L70: 3 | M70: 1 | P70: =IF(COUNT(G70:O70)=0,"",SUM(G70:J70)) -> 3 | Q70: =IF(COUNT(G70:O70)=0,"",SUM(K70:N70)) -> 5 | R70: =IF(P70="","",P70+Q70) -> 8 | S70: =IF(R70="","",IF(C70="Ecuador",R70,0)) -> 0 | T70: =IF(R70="","",R70-S70) -> 8 | U70: =IF(R70="","",IF(O70>R70,"Revisar: discapacidad "&O70&" mayor que el total "&R70,IF(OR(A70="",B70="",C70="",F70=""),"Falta año, mes, país o motivo",IF(AND(C70="Ecuador",E70=""),"Falta la ciudad","OK")))) -> OK
A71: 2026 | B71: Septiembre | C71: Ecuador | D71: =IF(E71="","",IFERROR(VLOOKUP(E71,'_Catalogos'!$J$2:$K$1000,2,FALSE),"")) -> Manabí | E71: Manta | F71: Descanso | G71: 3 | H71: 3 | J71: 1 | K71: 2 | L71: 5 | M71: 2 | P71: =IF(COUNT(G71:O71)=0,"",SUM(G71:J71)) -> 7 | Q71: =IF(COUNT(G71:O71)=0,"",SUM(K71:N71)) -> 9 | R71: =IF(P71="","",P71+Q71) -> 16 | S71: =IF(R71="","",IF(C71="Ecuador",R71,0)) -> 16 | T71: =IF(R71="","",R71-S71) -> 0 | U71: =IF(R71="","",IF(O71>R71,"Revisar: discapacidad "&O71&" mayor que el total "&R71,IF(OR(A71="",B71="",C71="",F71=""),"Falta año, mes, país o motivo",IF(AND(C71="Ecuador",E71=""),"Falta la ciudad","OK")))) -> OK
A72: 2026 | B72: Septiembre | C72: Ecuador | D72: =IF(E72="","",IFERROR(VLOOKUP(E72,'_Catalogos'!$J$2:$K$1000,2,FALSE),"")) -> Guayas | E72: Guayaquil | F72: Turismo | G72: 3 | I72: 2 | J72: 2 | L72: 2 | M72: 1 | N72: 2 | P72: =IF(COUNT(G72:O72)=0,"",SUM(G72:J72)) -> 7 | Q72: =IF(COUNT(G72:O72)=0,"",SUM(K72:N72)) -> 5 | R72: =IF(P72="","",P72+Q72) -> 12 | S72: =IF(R72="","",IF(C72="Ecuador",R72,0)) -> 12 | T72: =IF(R72="","",R72-S72) -> 0 | U72: =IF(R72="","",IF(O72>R72,"Revisar: discapacidad "&O72&" mayor que el total "&R72,IF(OR(A72="",B72="",C72="",F72=""),"Falta año, mes, país o motivo",IF(AND(C72="Ecuador",E72=""),"Falta la ciudad","OK")))) -> OK
D73: =IF(E73="","",IFERROR(VLOOKUP(E73,'_Catalogos'!$J$2:$K$1000,2,FALSE),"")) | P73: =IF(COUNT(G73:O73)=0,"",SUM(G73:J73)) | Q73: =IF(COUNT(G73:O73)=0,"",SUM(K73:N73)) | R73: =IF(P73="","",P73+Q73) | S73: =IF(R73="","",IF(C73="Ecuador",R73,0)) | T73: =IF(R73="","",R73-S73) | U73: =IF(R73="","",IF(O73>R73,"Revisar: discapacidad "&O73&" mayor que el total "&R73,IF(OR(A73="",B73="",C73="",F73=""),"Falta año, mes, país o motivo",IF(AND(C73="Ecuador",E73=""),"Falta la ciudad","OK"))))
D74: =IF(E74="","",IFERROR(VLOOKUP(E74,'_Catalogos'!$J$2:$K$1000,2,FALSE),"")) | P74: =IF(COUNT(G74:O74)=0,"",SUM(G74:J74)) | Q74: =IF(COUNT(G74:O74)=0,"",SUM(K74:N74)) | R74: =IF(P74="","",P74+Q74) | S74: =IF(R74="","",IF(C74="Ecuador",R74,0)) | T74: =IF(R74="","",R74-S74) | U74: =IF(R74="","",IF(O74>R74,"Revisar: discapacidad "&O74&" mayor que el total "&R74,IF(OR(A74="",B74="",C74="",F74=""),"Falta año, mes, país o motivo",IF(AND(C74="Ecuador",E74=""),"Falta la ciudad","OK"))))
D75: =IF(E75="","",IFERROR(VLOOKUP(E75,'_Catalogos'!$J$2:$K$1000,2,FALSE),"")) | P75: =IF(COUNT(G75:O75)=0,"",SUM(G75:J75)) | Q75: =IF(COUNT(G75:O75)=0,"",SUM(K75:N75)) | R75: =IF(P75="","",P75+Q75) | S75: =IF(R75="","",IF(C75="Ecuador",R75,0)) | T75: =IF(R75="","",R75-S75) | U75: =IF(R75="","",IF(O75>R75,"Revisar: discapacidad "&O75&" mayor que el total "&R75,IF(OR(A75="",B75="",C75="",F75=""),"Falta año, mes, país o motivo",IF(AND(C75="Ecuador",E75=""),"Falta la ciudad","OK"))))
D76: =IF(E76="","",IFERROR(VLOOKUP(E76,'_Catalogos'!$J$2:$K$1000,2,FALSE),"")) | P76: =IF(COUNT(G76:O76)=0,"",SUM(G76:J76)) | Q76: =IF(COUNT(G76:O76)=0,"",SUM(K76:N76)) | R76: =IF(P76="","",P76+Q76) | S76: =IF(R76="","",IF(C76="Ecuador",R76,0)) | T76: =IF(R76="","",R76-S76) | U76: =IF(R76="","",IF(O76>R76,"Revisar: discapacidad "&O76&" mayor que el total "&R76,IF(OR(A76="",B76="",C76="",F76=""),"Falta año, mes, país o motivo",IF(AND(C76="Ecuador",E76=""),"Falta la ciudad","OK"))))
D77: =IF(E77="","",IFERROR(VLOOKUP(E77,'_Catalogos'!$J$2:$K$1000,2,FALSE),"")) | P77: =IF(COUNT(G77:O77)=0,"",SUM(G77:J77)) | Q77: =IF(COUNT(G77:O77)=0,"",SUM(K77:N77)) | R77: =IF(P77="","",P77+Q77) | S77: =IF(R77="","",IF(C77="Ecuador",R77,0)) | T77: =IF(R77="","",R77-S77) | U77: =IF(R77="","",IF(O77>R77,"Revisar: discapacidad "&O77&" mayor que el total "&R77,IF(OR(A77="",B77="",C77="",F77=""),"Falta año, mes, país o motivo",IF(AND(C77="Ecuador",E77=""),"Falta la ciudad","OK"))))
D78: =IF(E78="","",IFERROR(VLOOKUP(E78,'_Catalogos'!$J$2:$K$1000,2,FALSE),"")) | P78: =IF(COUNT(G78:O78)=0,"",SUM(G78:J78)) | Q78: =IF(COUNT(G78:O78)=0,"",SUM(K78:N78)) | R78: =IF(P78="","",P78+Q78) | S78: =IF(R78="","",IF(C78="Ecuador",R78,0)) | T78: =IF(R78="","",R78-S78) | U78: =IF(R78="","",IF(O78>R78,"Revisar: discapacidad "&O78&" mayor que el total "&R78,IF(OR(A78="",B78="",C78="",F78=""),"Falta año, mes, país o motivo",IF(AND(C78="Ecuador",E78=""),"Falta la ciudad","OK"))))
D79: =IF(E79="","",IFERROR(VLOOKUP(E79,'_Catalogos'!$J$2:$K$1000,2,FALSE),"")) | P79: =IF(COUNT(G79:O79)=0,"",SUM(G79:J79)) | Q79: =IF(COUNT(G79:O79)=0,"",SUM(K79:N79)) | R79: =IF(P79="","",P79+Q79) | S79: =IF(R79="","",IF(C79="Ecuador",R79,0)) | T79: =IF(R79="","",R79-S79) | U79: =IF(R79="","",IF(O79>R79,"Revisar: discapacidad "&O79&" mayor que el total "&R79,IF(OR(A79="",B79="",C79="",F79=""),"Falta año, mes, país o motivo",IF(AND(C79="Ecuador",E79=""),"Falta la ciudad","OK"))))
D80: =IF(E80="","",IFERROR(VLOOKUP(E80,'_Catalogos'!$J$2:$K$1000,2,FALSE),"")) | P80: =IF(COUNT(G80:O80)=0,"",SUM(G80:J80)) | Q80: =IF(COUNT(G80:O80)=0,"",SUM(K80:N80)) | R80: =IF(P80="","",P80+Q80) | S80: =IF(R80="","",IF(C80="Ecuador",R80,0)) | T80: =IF(R80="","",R80-S80) | U80: =IF(R80="","",IF(O80>R80,"Revisar: discapacidad "&O80&" mayor que el total "&R80,IF(OR(A80="",B80="",C80="",F80=""),"Falta año, mes, país o motivo",IF(AND(C80="Ecuador",E80=""),"Falta la ciudad","OK"))))
D81: =IF(E81="","",IFERROR(VLOOKUP(E81,'_Catalogos'!$J$2:$K$1000,2,FALSE),"")) | P81: =IF(COUNT(G81:O81)=0,"",SUM(G81:J81)) | Q81: =IF(COUNT(G81:O81)=0,"",SUM(K81:N81)) | R81: =IF(P81="","",P81+Q81) | S81: =IF(R81="","",IF(C81="Ecuador",R81,0)) | T81: =IF(R81="","",R81-S81) | U81: =IF(R81="","",IF(O81>R81,"Revisar: discapacidad "&O81&" mayor que el total "&R81,IF(OR(A81="",B81="",C81="",F81=""),"Falta año, mes, país o motivo",IF(AND(C81="Ecuador",E81=""),"Falta la ciudad","OK"))))
D82: =IF(E82="","",IFERROR(VLOOKUP(E82,'_Catalogos'!$J$2:$K$1000,2,FALSE),"")) | P82: =IF(COUNT(G82:O82)=0,"",SUM(G82:J82)) | Q82: =IF(COUNT(G82:O82)=0,"",SUM(K82:N82)) | R82: =IF(P82="","",P82+Q82) | S82: =IF(R82="","",IF(C82="Ecuador",R82,0)) | T82: =IF(R82="","",R82-S82) | U82: =IF(R82="","",IF(O82>R82,"Revisar: discapacidad "&O82&" mayor que el total "&R82,IF(OR(A82="",B82="",C82="",F82=""),"Falta año, mes, país o motivo",IF(AND(C82="Ecuador",E82=""),"Falta la ciudad","OK"))))
D83: =IF(E83="","",IFERROR(VLOOKUP(E83,'_Catalogos'!$J$2:$K$1000,2,FALSE),"")) | P83: =IF(COUNT(G83:O83)=0,"",SUM(G83:J83)) | Q83: =IF(COUNT(G83:O83)=0,"",SUM(K83:N83)) | R83: =IF(P83="","",P83+Q83) | S83: =IF(R83="","",IF(C83="Ecuador",R83,0)) | T83: =IF(R83="","",R83-S83) | U83: =IF(R83="","",IF(O83>R83,"Revisar: discapacidad "&O83&" mayor que el total "&R83,IF(OR(A83="",B83="",C83="",F83=""),"Falta año, mes, país o motivo",IF(AND(C83="Ecuador",E83=""),"Falta la ciudad","OK"))))
D84: =IF(E84="","",IFERROR(VLOOKUP(E84,'_Catalogos'!$J$2:$K$1000,2,FALSE),"")) | P84: =IF(COUNT(G84:O84)=0,"",SUM(G84:J84)) | Q84: =IF(COUNT(G84:O84)=0,"",SUM(K84:N84)) | R84: =IF(P84="","",P84+Q84) | S84: =IF(R84="","",IF(C84="Ecuador",R84,0)) | T84: =IF(R84="","",R84-S84) | U84: =IF(R84="","",IF(O84>R84,"Revisar: discapacidad "&O84&" mayor que el total "&R84,IF(OR(A84="",B84="",C84="",F84=""),"Falta año, mes, país o motivo",IF(AND(C84="Ecuador",E84=""),"Falta la ciudad","OK"))))
... D600: =IF(E600="","",IFERROR(VLOOKUP(E600,'_Catalogos'!$J$2:$K$1000,2,FALSE),"")) | P600: =IF(COUNT(G600:O600)=0,"",SUM(G600:J600)) | Q600: =IF(COUNT(G600:O600)=0,"",SUM(K600:N600)) | R600: =IF(P600="","",P600+Q600) | S600: =IF(R600="","",IF(C600="Ecuador",R600,0)) | T600: =IF(R600="","",R600-S600) | U600: =IF(R600="","",IF(O600>R600,"Revisar: discapacidad "&O600&" mayor que el total "&R600,IF(OR(A600="",B600="",C600="",F600=""),"Falta año, mes, país o motivo",IF(AND(C600="Ecuador",E600=""),"Falta la ciudad","OK"))))

Sheet Hostería Los Guabos
A1: Año | B1: Mes | C1: País | D1: Provincia | E1: Ciudad | F1: Motivo de visita | G1: Mujeres 0-30 | H1: Mujeres 31-45 | I1: Mujeres 46-60 | J1: Mujeres 61+ | K1: Hombres 0-30 | L1: Hombres 31-45 | M1: Hombres 46-60 | N1: Hombres 61+ | O1: Personas con discapacidad | P1: Total mujeres | Q1: Total hombres | R1: Total visitantes | S1: Nacionales | T1: Extranjeros | U1: Estado
A2: 2025 | B2: Enero | C2: Chile | D2: =IF(E2="","",IFERROR(VLOOKUP(E2,'_Catalogos'!$J$2:$K$1000,2,FALSE),"")) | F2: Turismo | G2: 6 | H2: 6 | I2: 2 | K2: 2 | L2: 6 | M2: 4 | P2: =IF(COUNT(G2:O2)=0,"",SUM(G2:J2)) -> 14 | Q2: =IF(COUNT(G2:O2)=0,"",SUM(K2:N2)) -> 12 | R2: =IF(P2="","",P2+Q2) -> 26 | S2: =IF(R2="","",IF(C2="Ecuador",R2,0)) -> 0 | T2: =IF(R2="","",R2-S2) -> 26 | U2: =IF(R2="","",IF(O2>R2,"Revisar: discapacidad "&O2&" mayor que el total "&R2,IF(OR(A2="",B2="",C2="",F2=""),"Falta año, mes, país o motivo",IF(AND(C2="Ecuador",E2=""),"Falta la ciudad","OK")))) -> OK
A3: 2025 | B3: Enero | C3: Ecuador | D3: =IF(E3="","",IFERROR(VLOOKUP(E3,'_Catalogos'!$J$2:$K$1000,2,FALSE),"")) -> Morona Santiago | E3: Limón Indanza | F3: Evento | G3: 3 | H3: 6 | I3: 1 | K3: 1 | L3: 2 | M3: 1 | N3: 1 | P3: =IF(COUNT(G3:O3)=0,"",SUM(G3:J3)) -> 10 | Q3: =IF(COUNT(G3:O3)=0,"",SUM(K3:N3)) -> 5 | R3: =IF(P3="","",P3+Q3) -> 15 | S3: =IF(R3="","",IF(C3="Ecuador",R3,0)) -> 15 | T3: =IF(R3="","",R3-S3) -> 0 | U3: =IF(R3="","",IF(O3>R3,"Revisar: discapacidad "&O3&" mayor que el total "&R3,IF(OR(A3="",B3="",C3="",F3=""),"Falta año, mes, país o motivo",IF(AND(C3="Ecuador",E3=""),"Falta la ciudad","OK")))) -> OK
A4: 2025 | B4: Enero | C4: Colombia | D4: =IF(E4="","",IFERROR(VLOOKUP(E4,'_Catalogos'!$J$2:$K$1000,2,FALSE),"")) | F4: Turismo | G4: 4 | H4: 6 | I4: 1 | J4: 1 | K4: 3 | L4: 2 | M4: 2 | P4: =IF(COUNT(G4:O4)=0,"",SUM(G4:J4)) -> 12 | Q4: =IF(COUNT(G4:O4)=0,"",SUM(K4:N4)) -> 7 | R4: =IF(P4="","",P4+Q4) -> 19 | S4: =IF(R4="","",IF(C4="Ecuador",R4,0)) -> 0 | T4: =IF(R4="","",R4-S4) -> 19 | U4: =IF(R4="","",IF(O4>R4,"Revisar: discapacidad "&O4&" mayor que el total "&R4,IF(OR(A4="",B4="",C4="",F4=""),"Falta año, mes, país o motivo",IF(AND(C4="Ecuador",E4=""),"Falta la ciudad","OK")))) -> OK
A5: 2025 | B5: Febrero | C5: Ecuador | D5: =IF(E5="","",IFERROR(VLOOKUP(E5,'_Catalogos'!$J$2:$K$1000,2,FALSE),"")) -> Loja | E5: Loja | F5: Turismo | G5: 9 | H5: 6 | I5: 5 | J5: 2 | K5: 2 | L5: 8 | M5: 2 | P5: =IF(COUNT(G5:O5)=0,"",SUM(G5:J5)) -> 22 | Q5: =IF(COUNT(G5:O5)=0,"",SUM(K5:N5)) -> 12 | R5: =IF(P5="","",P5+Q5) -> 34 | S5: =IF(R5="","",IF(C5="Ecuador",R5,0)) -> 34 | T5: =IF(R5="","",R5-S5) -> 0 | U5: =IF(R5="","",IF(O5>R5,"Revisar: discapacidad "&O5&" mayor que el total "&R5,IF(OR(A5="",B5="",C5="",F5=""),"Falta año, mes, país o motivo",IF(AND(C5="Ecuador",E5=""),"Falta la ciudad","OK")))) -> OK
A6: 2025 | B6: Febrero | C6: Ecuador | D6: =IF(E6="","",IFERROR(VLOOKUP(E6,'_Catalogos'!$J$2:$K$1000,2,FALSE),"")) -> Chimborazo | E6: Riobamba | F6: Descanso | G6: 1 | H6: 3 | I6: 5 | K6: 4 | L6: 3 | M6: 4 | N6: 1 | P6: =IF(COUNT(G6:O6)=0,"",SUM(G6:J6)) -> 9 | Q6: =IF(COUNT(G6:O6)=0,"",SUM(K6:N6)) -> 12 | R6: =IF(P6="","",P6+Q6) -> 21 | S6: =IF(R6="","",IF(C6="Ecuador",R6,0)) -> 21 | T6: =IF(R6="","",R6-S6) -> 0 | U6: =IF(R6="","",IF(O6>R6,"Revisar: discapacidad "&O6&" mayor que el total "&R6,IF(OR(A6="",B6="",C6="",F6=""),"Falta año, mes, país o motivo",IF(AND(C6="Ecuador",E6=""),"Falta la ciudad","OK")))) -> OK
A7: 2025 | B7: Febrero | C7: Ecuador | D7: =IF(E7="","",IFERROR(VLOOKUP(E7,'_Catalogos'!$J$2:$K$1000,2,FALSE),"")) -> El Oro | E7: Zaruma | F7: Turismo | G7: 6 | H7: 9 | I7: 8 | J7: 3 | K7: 4 | L7: 9 | M7: 3 | N7: 1 | P7: =IF(COUNT(G7:O7)=0,"",SUM(G7:J7)) -> 26 | Q7: =IF(COUNT(G7:O7)=0,"",SUM(K7:N7)) -> 17 | R7: =IF(P7="","",P7+Q7) -> 43 | S7: =IF(R7="","",IF(C7="Ecuador",R7,0)) -> 43 | T7: =IF(R7="","",R7-S7) -> 0 | U7: =IF(R7="","",IF(O7>R7,"Revisar: discapacidad "&O7&" mayor que el total "&R7,IF(OR(A7="",B7="",C7="",F7=""),"Falta año, mes, país o motivo",IF(AND(C7="Ecuador",E7=""),"Falta la ciudad","OK")))) -> OK
A8: 2025 | B8: Marzo | C8: Colombia | D8: =IF(E8="","",IFERROR(VLOOKUP(E8,'_Catalogos'!$J$2:$K$1000,2,FALSE),"")) | F8: Gastronomía | H8: 1 | I8: 1 | J8: 1 | L8: 1 | M8: 1 | P8: =IF(COUNT(G8:O8)=0,"",SUM(G8:J8)) -> 3 | Q8: =IF(COUNT(G8:O8)=0,"",SUM(K8:N8)) -> 2 | R8: =IF(P8="","",P8+Q8) -> 5 | S8: =IF(R8="","",IF(C8="Ecuador",R8,0)) -> 0 | T8: =IF(R8="","",R8-S8) -> 5 | U8: =IF(R8="","",IF(O8>R8,"Revisar: discapacidad "&O8&" mayor que el total "&R8,IF(OR(A8="",B8="",C8="",F8=""),"Falta año, mes, país o motivo",IF(AND(C8="Ecuador",E8=""),"Falta la ciudad","OK")))) -> OK
A9: 2025 | B9: Marzo | C9: Alemania | D9: =IF(E9="","",IFERROR(VLOOKUP(E9,'_Catalogos'!$J$2:$K$1000,2,FALSE),"")) | F9: Gastronomía | G9: 3 | H9: 3 | I9: 2 | J9: 2 | K9: 4 | L9: 4 | M9: 2 | N9: 1 | P9: =IF(COUNT(G9:O9)=0,"",SUM(G9:J9)) -> 10 | Q9: =IF(COUNT(G9:O9)=0,"",SUM(K9:N9)) -> 11 | R9: =IF(P9="","",P9+Q9) -> 21 | S9: =IF(R9="","",IF(C9="Ecuador",R9,0)) -> 0 | T9: =IF(R9="","",R9-S9) -> 21 | U9: =IF(R9="","",IF(O9>R9,"Revisar: discapacidad "&O9&" mayor que el total "&R9,IF(OR(A9="",B9="",C9="",F9=""),"Falta año, mes, país o motivo",IF(AND(C9="Ecuador",E9=""),"Falta la ciudad","OK")))) -> OK
A10: 2025 | B10: Marzo | C10: Ecuador | D10: =IF(E10="","",IFERROR(VLOOKUP(E10,'_Catalogos'!$J$2:$K$1000,2,FALSE),"")) -> Chimborazo | E10: Riobamba | F10: Descanso | G10: 1 | H10: 4 | I10: 6 | J10: 2 | K10: 5 | L10: 5 | M10: 2 | P10: =IF(COUNT(G10:O10)=0,"",SUM(G10:J10)) -> 13 | Q10: =IF(COUNT(G10:O10)=0,"",SUM(K10:N10)) -> 12 | R10: =IF(P10="","",P10+Q10) -> 25 | S10: =IF(R10="","",IF(C10="Ecuador",R10,0)) -> 25 | T10: =IF(R10="","",R10-S10) -> 0 | U10: =IF(R10="","",IF(O10>R10,"Revisar: discapacidad "&O10&" mayor que el total "&R10,IF(OR(A10="",B10="",C10="",F10=""),"Falta año, mes, país o motivo",IF(AND(C10="Ecuador",E10=""),"Falta la ciudad","OK")))) -> OK
A11: 2025 | B11: Abril | C11: Ecuador | D11: =IF(E11="","",IFERROR(VLOOKUP(E11,'_Catalogos'!$J$2:$K$1000,2,FALSE),"")) -> Tungurahua | E11: Baños | F11: Descanso | G11: 6 | H11: 11 | I11: 9 | J11: 2 | K11: 5 | L11: 6 | M11: 3 | N11: 2 | P11: =IF(COUNT(G11:O11)=0,"",SUM(G11:J11)) -> 28 | Q11: =IF(COUNT(G11:O11)=0,"",SUM(K11:N11)) -> 16 | R11: =IF(P11="","",P11+Q11) -> 44 | S11: =IF(R11="","",IF(C11="Ecuador",R11,0)) -> 44 | T11: =IF(R11="","",R11-S11) -> 0 | U11: =IF(R11="","",IF(O11>R11,"Revisar: discapacidad "&O11&" mayor que el total "&R11,IF(OR(A11="",B11="",C11="",F11=""),"Falta año, mes, país o motivo",IF(AND(C11="Ecuador",E11=""),"Falta la ciudad","OK")))) -> OK
A12: 2025 | B12: Abril | C12: México | D12: =IF(E12="","",IFERROR(VLOOKUP(E12,'_Catalogos'!$J$2:$K$1000,2,FALSE),"")) | F12: Gastronomía | G12: 1 | H12: 5 | I12: 1 | J12: 2 | K12: 4 | L12: 3 | M12: 1 | N12: 1 | P12: =IF(COUNT(G12:O12)=0,"",SUM(G12:J12)) -> 9 | Q12: =IF(COUNT(G12:O12)=0,"",SUM(K12:N12)) -> 9 | R12: =IF(P12="","",P12+Q12) -> 18 | S12: =IF(R12="","",IF(C12="Ecuador",R12,0)) -> 0 | T12: =IF(R12="","",R12-S12) -> 18 | U12: =IF(R12="","",IF(O12>R12,"Revisar: discapacidad "&O12&" mayor que el total "&R12,IF(OR(A12="",B12="",C12="",F12=""),"Falta año, mes, país o motivo",IF(AND(C12="Ecuador",E12=""),"Falta la ciudad","OK")))) -> OK
A13: 2025 | B13: Mayo | C13: Ecuador | D13: =IF(E13="","",IFERROR(VLOOKUP(E13,'_Catalogos'!$J$2:$K$1000,2,FALSE),"")) -> Tungurahua | E13: Baños | F13: Descanso | G13: 2 | H13: 5 | I13: 1 | K13: 4 | L13: 3 | N13: 1 | P13: =IF(COUNT(G13:O13)=0,"",SUM(G13:J13)) -> 8 | Q13: =IF(COUNT(G13:O13)=0,"",SUM(K13:N13)) -> 8 | R13: =IF(P13="","",P13+Q13) -> 16 | S13: =IF(R13="","",IF(C13="Ecuador",R13,0)) -> 16 | T13: =IF(R13="","",R13-S13) -> 0 | U13: =IF(R13="","",IF(O13>R13,"Revisar: discapacidad "&O13&" mayor que el total "&R13,IF(OR(A13="",B13="",C13="",F13=""),"Falta año, mes, país o motivo",IF(AND(C13="Ecuador",E13=""),"Falta la ciudad","OK")))) -> OK
A14: 2025 | B14: Mayo | C14: Colombia | D14: =IF(E14="","",IFERROR(VLOOKUP(E14,'_Catalogos'!$J$2:$K$1000,2,FALSE),"")) | F14: Turismo | G14: 2 | H14: 4 | I14: 1 | J14: 1 | K14: 3 | L14: 4 | M14: 5 | N14: 3 | P14: =IF(COUNT(G14:O14)=0,"",SUM(G14:J14)) -> 8 | Q14: =IF(COUNT(G14:O14)=0,"",SUM(K14:N14)) -> 15 | R14: =IF(P14="","",P14+Q14) -> 23 | S14: =IF(R14="","",IF(C14="Ecuador",R14,0)) -> 0 | T14: =IF(R14="","",R14-S14) -> 23 | U14: =IF(R14="","",IF(O14>R14,"Revisar: discapacidad "&O14&" mayor que el total "&R14,IF(OR(A14="",B14="",C14="",F14=""),"Falta año, mes, país o motivo",IF(AND(C14="Ecuador",E14=""),"Falta la ciudad","OK")))) -> OK
A15: 2025 | B15: Junio | C15: Croacia | D15: =IF(E15="","",IFERROR(VLOOKUP(E15,'_Catalogos'!$J$2:$K$1000,2,FALSE),"")) | F15: Descanso | G15: 3 | H15: 3 | I15: 4 | J15: 1 | K15: 3 | L15: 2 | M15: 2 | N15: 4 | O15: 4 | P15: =IF(COUNT(G15:O15)=0,"",SUM(G15:J15)) -> 11 | Q15: =IF(COUNT(G15:O15)=0,"",SUM(K15:N15)) -> 11 | R15: =IF(P15="","",P15+Q15) -> 22 | S15: =IF(R15="","",IF(C15="Ecuador",R15,0)) -> 0 | T15: =IF(R15="","",R15-S15) -> 22 | U15: =IF(R15="","",IF(O15>R15,"Revisar: discapacidad "&O15&" mayor que el total "&R15,IF(OR(A15="",B15="",C15="",F15=""),"Falta año, mes, país o motivo",IF(AND(C15="Ecuador",E15=""),"Falta la ciudad","OK")))) -> OK
A16: 2025 | B16: Junio | C16: Colombia | D16: =IF(E16="","",IFERROR(VLOOKUP(E16,'_Catalogos'!$J$2:$K$1000,2,FALSE),"")) | F16: Negocios | G16: 4 | H16: 5 | I16: 3 | J16: 2 | K16: 8 | L16: 10 | M16: 2 | N16: 2 | P16: =IF(COUNT(G16:O16)=0,"",SUM(G16:J16)) -> 14 | Q16: =IF(COUNT(G16:O16)=0,"",SUM(K16:N16)) -> 22 | R16: =IF(P16="","",P16+Q16) -> 36 | S16: =IF(R16="","",IF(C16="Ecuador",R16,0)) -> 0 | T16: =IF(R16="","",R16-S16) -> 36 | U16: =IF(R16="","",IF(O16>R16,"Revisar: discapacidad "&O16&" mayor que el total "&R16,IF(OR(A16="",B16="",C16="",F16=""),"Falta año, mes, país o motivo",IF(AND(C16="Ecuador",E16=""),"Falta la ciudad","OK")))) -> OK
A17: 2025 | B17: Julio | C17: Costa Rica | D17: =IF(E17="","",IFERROR(VLOOKUP(E17,'_Catalogos'!$J$2:$K$1000,2,FALSE),"")) | F17: Descanso | G17: 6 | H17: 6 | I17: 5 | K17: 2 | L17: 5 | M17: 4 | P17: =IF(COUNT(G17:O17)=0,"",SUM(G17:J17)) -> 17 | Q17: =IF(COUNT(G17:O17)=0,"",SUM(K17:N17)) -> 11 | R17: =IF(P17="","",P17+Q17) -> 28 | S17: =IF(R17="","",IF(C17="Ecuador",R17,0)) -> 0 | T17: =IF(R17="","",R17-S17) -> 28 | U17: =IF(R17="","",IF(O17>R17,"Revisar: discapacidad "&O17&" mayor que el total "&R17,IF(OR(A17="",B17="",C17="",F17=""),"Falta año, mes, país o motivo",IF(AND(C17="Ecuador",E17=""),"Falta la ciudad","OK")))) -> OK
A18: 2025 | B18: Julio | C18: Ecuador | D18: =IF(E18="","",IFERROR(VLOOKUP(E18,'_Catalogos'!$J$2:$K$1000,2,FALSE),"")) -> Pichincha | E18: Puerto Quito | F18: Descanso | G18: 3 | H18: 1 | I18: 3 | K18: 1 | L18: 7 | M18: 2 | N18: 2 | P18: =IF(COUNT(G18:O18)=0,"",SUM(G18:J18)) -> 7 | Q18: =IF(COUNT(G18:O18)=0,"",SUM(K18:N18)) -> 12 | R18: =IF(P18="","",P18+Q18) -> 19 | S18: =IF(R18="","",IF(C18="Ecuador",R18,0)) -> 19 | T18: =IF(R18="","",R18-S18) -> 0 | U18: =IF(R18="","",IF(O18>R18,"Revisar: discapacidad "&O18&" mayor que el total "&R18,IF(OR(A18="",B18="",C18="",F18=""),"Falta año, mes, país o motivo",IF(AND(C18="Ecuador",E18=""),"Falta la ciudad","OK")))) -> OK
A19: 2025 | B19: Agosto | C19: Ecuador | D19: =IF(E19="","",IFERROR(VLOOKUP(E19,'_Catalogos'!$J$2:$K$1000,2,FALSE),"")) -> Tungurahua | E19: Baños | F19: Gastronomía | G19: 7 | H19: 5 | I19: 1 | J19: 3 | K19: 5 | L19: 4 | M19: 3 | P19: =IF(COUNT(G19:O19)=0,"",SUM(G19:J19)) -> 16 | Q19: =IF(COUNT(G19:O19)=0,"",SUM(K19:N19)) -> 12 | R19: =IF(P19="","",P19+Q19) -> 28 | S19: =IF(R19="","",IF(C19="Ecuador",R19,0)) -> 28 | T19: =IF(R19="","",R19-S19) -> 0 | U19: =IF(R19="","",IF(O19>R19,"Revisar: discapacidad "&O19&" mayor que el total "&R19,IF(OR(A19="",B19="",C19="",F19=""),"Falta año, mes, país o motivo",IF(AND(C19="Ecuador",E19=""),"Falta la ciudad","OK")))) -> OK
A20: 2025 | B20: Agosto | C20: Ecuador | D20: =IF(E20="","",IFERROR(VLOOKUP(E20,'_Catalogos'!$J$2:$K$1000,2,FALSE),"")) -> Guayas | E20: Guayaquil | F20: Turismo | H20: 7 | I20: 1 | J20: 1 | K20: 4 | L20: 5 | M20: 4 | P20: =IF(COUNT(G20:O20)=0,"",SUM(G20:J20)) -> 9 | Q20: =IF(COUNT(G20:O20)=0,"",SUM(K20:N20)) -> 13 | R20: =IF(P20="","",P20+Q20) -> 22 | S20: =IF(R20="","",IF(C20="Ecuador",R20,0)) -> 22 | T20: =IF(R20="","",R20-S20) -> 0 | U20: =IF(R20="","",IF(O20>R20,"Revisar: discapacidad "&O20&" mayor que el total "&R20,IF(OR(A20="",B20="",C20="",F20=""),"Falta año, mes, país o motivo",IF(AND(C20="Ecuador",E20=""),"Falta la ciudad","OK")))) -> OK
A21: 2025 | B21: Agosto | C21: Ecuador | D21: =IF(E21="","",IFERROR(VLOOKUP(E21,'_Catalogos'!$J$2:$K$1000,2,FALSE),"")) -> Pichincha | E21: Quito | F21: Turismo | G21: 3 | H21: 6 | I21: 5 | K21: 8 | L21: 8 | M21: 7 | N21: 4 | P21: =IF(COUNT(G21:O21)=0,"",SUM(G21:J21)) -> 14 | Q21: =IF(COUNT(G21:O21)=0,"",SUM(K21:N21)) -> 27 | R21: =IF(P21="","",P21+Q21) -> 41 | S21: =IF(R21="","",IF(C21="Ecuador",R21,0)) -> 41 | T21: =IF(R21="","",R21-S21) -> 0 | U21: =IF(R21="","",IF(O21>R21,"Revisar: discapacidad "&O21&" mayor que el total "&R21,IF(OR(A21="",B21="",C21="",F21=""),"Falta año, mes, país o motivo",IF(AND(C21="Ecuador",E21=""),"Falta la ciudad","OK")))) -> OK
A22: 2025 | B22: Agosto | C22: Ecuador | D22: =IF(E22="","",IFERROR(VLOOKUP(E22,'_Catalogos'!$J$2:$K$1000,2,FALSE),"")) -> Pichincha | E22: Quito | F22: Visita familiar | G22: 3 | H22: 8 | I22: 3 | K22: 5 | L22: 7 | M22: 5 | P22: =IF(COUNT(G22:O22)=0,"",SUM(G22:J22)) -> 14 | Q22: =IF(COUNT(G22:O22)=0,"",SUM(K22:N22)) -> 17 | R22: =IF(P22="","",P22+Q22) -> 31 | S22: =IF(R22="","",IF(C22="Ecuador",R22,0)) -> 31 | T22: =IF(R22="","",R22-S22) -> 0 | U22: =IF(R22="","",IF(O22>R22,"Revisar: discapacidad "&O22&" mayor que el total "&R22,IF(OR(A22="",B22="",C22="",F22=""),"Falta año, mes, país o motivo",IF(AND(C22="Ecuador",E22=""),"Falta la ciudad","OK")))) -> OK
A23: 2025 | B23: Agosto | C23: Ecuador | D23: =IF(E23="","",IFERROR(VLOOKUP(E23,'_Catalogos'!$J$2:$K$1000,2,FALSE),"")) -> Cotopaxi | E23: Salcedo | F23: Turismo | G23: 5 | H23: 5 | I23: 1 | J23: 2 | K23: 5 | L23: 5 | N23: 1 | P23: =IF(COUNT(G23:O23)=0,"",SUM(G23:J23)) -> 13 | Q23: =IF(COUNT(G23:O23)=0,"",SUM(K23:N23)) -> 11 | R23: =IF(P23="","",P23+Q23) -> 24 | S23: =IF(R23="","",IF(C23="Ecuador",R23,0)) -> 24 | T23: =IF(R23="","",R23-S23) -> 0 | U23: =IF(R23="","",IF(O23>R23,"Revisar: discapacidad "&O23&" mayor que el total "&R23,IF(OR(A23="",B23="",C23="",F23=""),"Falta año, mes, país o motivo",IF(AND(C23="Ecuador",E23=""),"Falta la ciudad","OK")))) -> OK
A24: 2025 | B24: Agosto | C24: España | D24: =IF(E24="","",IFERROR(VLOOKUP(E24,'_Catalogos'!$J$2:$K$1000,2,FALSE),"")) | F24: Evento | G24: 6 | H24: 6 | I24: 5 | K24: 5 | L24: 5 | M24: 5 | N24: 2 | O24: 8 | P24: =IF(COUNT(G24:O24)=0,"",SUM(G24:J24)) -> 17 | Q24: =IF(COUNT(G24:O24)=0,"",SUM(K24:N24)) -> 17 | R24: =IF(P24="","",P24+Q24) -> 34 | S24: =IF(R24="","",IF(C24="Ecuador",R24,0)) -> 0 | T24: =IF(R24="","",R24-S24) -> 34 | U24: =IF(R24="","",IF(O24>R24,"Revisar: discapacidad "&O24&" mayor que el total "&R24,IF(OR(A24="",B24="",C24="",F24=""),"Falta año, mes, país o motivo",IF(AND(C24="Ecuador",E24=""),"Falta la ciudad","OK")))) -> OK
A25: 2025 | B25: Septiembre | C25: Ecuador | D25: =IF(E25="","",IFERROR(VLOOKUP(E25,'_Catalogos'!$J$2:$K$1000,2,FALSE),"")) -> Guayas | E25: Guayaquil | F25: Gastronomía | G25: 3 | H25: 2 | I25: 5 | K25: 4 | L25: 2 | M25: 3 | N25: 2 | P25: =IF(COUNT(G25:O25)=0,"",SUM(G25:J25)) -> 10 | Q25: =IF(COUNT(G25:O25)=0,"",SUM(K25:N25)) -> 11 | R25: =IF(P25="","",P25+Q25) -> 21 | S25: =IF(R25="","",IF(C25="Ecuador",R25,0)) -> 21 | T25: =IF(R25="","",R25-S25) -> 0 | U25: =IF(R25="","",IF(O25>R25,"Revisar: discapacidad "&O25&" mayor que el total "&R25,IF(OR(A25="",B25="",C25="",F25=""),"Falta año, mes, país o motivo",IF(AND(C25="Ecuador",E25=""),"Falta la ciudad","OK")))) -> OK
A26: 2025 | B26: Septiembre | C26: Perú | D26: =IF(E26="","",IFERROR(VLOOKUP(E26,'_Catalogos'!$J$2:$K$1000,2,FALSE),"")) | F26: Gastronomía | G26: 4 | H26: 2 | I26: 2 | J26: 1 | K26: 2 | L26: 2 | M26: 3 | N26: 2 | O26: 5 | P26: =IF(COUNT(G26:O26)=0,"",SUM(G26:J26)) -> 9 | Q26: =IF(COUNT(G26:O26)=0,"",SUM(K26:N26)) -> 9 | R26: =IF(P26="","",P26+Q26) -> 18 | S26: =IF(R26="","",IF(C26="Ecuador",R26,0)) -> 0 | T26: =IF(R26="","",R26-S26) -> 18 | U26: =IF(R26="","",IF(O26>R26,"Revisar: discapacidad "&O26&" mayor que el total "&R26,IF(OR(A26="",B26="",C26="",F26=""),"Falta año, mes, país o motivo",IF(AND(C26="Ecuador",E26=""),"Falta la ciudad","OK")))) -> OK
A27: 2025 | B27: Septiembre | C27: México | D27: =IF(E27="","",IFERROR(VLOOKUP(E27,'_Catalogos'!$J$2:$K$1000,2,FALSE),"")) | F27: Gastronomía | G27: 1 | H27: 3 | I27: 1 | K27: 1 | L27: 4 | M27: 2 | N27: 1 | P27: =IF(COUNT(G27:O27)=0,"",SUM(G27:J27)) -> 5 | Q27: =IF(COUNT(G27:O27)=0,"",SUM(K27:N27)) -> 8 | R27: =IF(P27="","",P27+Q27) -> 13 | S27: =IF(R27="","",IF(C27="Ecuador",R27,0)) -> 0 | T27: =IF(R27="","",R27-S27) -> 13 | U27: =IF(R27="","",IF(O27>R27,"Revisar: discapacidad "&O27&" mayor que el total "&R27,IF(OR(A27="",B27="",C27="",F27=""),"Falta año, mes, país o motivo",IF(AND(C27="Ecuador",E27=""),"Falta la ciudad","OK")))) -> OK
A28: 2025 | B28: Octubre | C28: Alemania | D28: =IF(E28="","",IFERROR(VLOOKUP(E28,'_Catalogos'!$J$2:$K$1000,2,FALSE),"")) | F28: Gastronomía | G28: 2 | H28: 7 | I28: 3 | J28: 1 | K28: 7 | L28: 6 | M28: 1 | N28: 2 | O28: 2 | P28: =IF(COUNT(G28:O28)=0,"",SUM(G28:J28)) -> 13 | Q28: =IF(COUNT(G28:O28)=0,"",SUM(K28:N28)) -> 16 | R28: =IF(P28="","",P28+Q28) -> 29 | S28: =IF(R28="","",IF(C28="Ecuador",R28,0)) -> 0 | T28: =IF(R28="","",R28-S28) -> 29 | U28: =IF(R28="","",IF(O28>R28,"Revisar: discapacidad "&O28&" mayor que el total "&R28,IF(OR(A28="",B28="",C28="",F28=""),"Falta año, mes, país o motivo",IF(AND(C28="Ecuador",E28=""),"Falta la ciudad","OK")))) -> OK
A29: 2025 | B29: Octubre | C29: Ecuador | D29: =IF(E29="","",IFERROR(VLOOKUP(E29,'_Catalogos'!$J$2:$K$1000,2,FALSE),"")) -> Cotopaxi | E29: Latacunga | F29: Gastronomía | H29: 6 | I29: 1 | J29: 2 | K29: 1 | M29: 1 | N29: 2 | P29: =IF(COUNT(G29:O29)=0,"",SUM(G29:J29)) -> 9 | Q29: =IF(COUNT(G29:O29)=0,"",SUM(K29:N29)) -> 4 | R29: =IF(P29="","",P29+Q29) -> 13 | S29: =IF(R29="","",IF(C29="Ecuador",R29,0)) -> 13 | T29: =IF(R29="","",R29-S29) -> 0 | U29: =IF(R29="","",IF(O29>R29,"Revisar: discapacidad "&O29&" mayor que el total "&R29,IF(OR(A29="",B29="",C29="",F29=""),"Falta año, mes, país o motivo",IF(AND(C29="Ecuador",E29=""),"Falta la ciudad","OK")))) -> OK
A30: 2025 | B30: Noviembre | C30: Ecuador | D30: =IF(E30="","",IFERROR(VLOOKUP(E30,'_Catalogos'!$J$2:$K$1000,2,FALSE),"")) -> Tungurahua | E30: Ambato | F30: Gastronomía | G30: 3 | H30: 3 | I30: 2 | J30: 2 | K30: 5 | L30: 4 | M30: 1 | N30: 2 | P30: =IF(COUNT(G30:O30)=0,"",SUM(G30:J30)) -> 10 | Q30: =IF(COUNT(G30:O30)=0,"",SUM(K30:N30)) -> 12 | R30: =IF(P30="","",P30+Q30) -> 22 | S30: =IF(R30="","",IF(C30="Ecuador",R30,0)) -> 22 | T30: =IF(R30="","",R30-S30) -> 0 | U30: =IF(R30="","",IF(O30>R30,"Revisar: discapacidad "&O30&" mayor que el total "&R30,IF(OR(A30="",B30="",C30="",F30=""),"Falta año, mes, país o motivo",IF(AND(C30="Ecuador",E30=""),"Falta la ciudad","OK")))) -> OK
A31: 2025 | B31: Noviembre | C31: Estados Unidos | D31: =IF(E31="","",IFERROR(VLOOKUP(E31,'_Catalogos'!$J$2:$K$1000,2,FALSE),"")) | F31: Turismo | G31: 4 | H31: 1 | J31: 2 | K31: 1 | L31: 1 | M31: 2 | P31: =IF(COUNT(G31:O31)=0,"",SUM(G31:J31)) -> 7 | Q31: =IF(COUNT(G31:O31)=0,"",SUM(K31:N31)) -> 4 | R31: =IF(P31="","",P31+Q31) -> 11 | S31: =IF(R31="","",IF(C31="Ecuador",R31,0)) -> 0 | T31: =IF(R31="","",R31-S31) -> 11 | U31: =IF(R31="","",IF(O31>R31,"Revisar: discapacidad "&O31&" mayor que el total "&R31,IF(OR(A31="",B31="",C31="",F31=""),"Falta año, mes, país o motivo",IF(AND(C31="Ecuador",E31=""),"Falta la ciudad","OK")))) -> OK
A32: 2025 | B32: Noviembre | C32: Ecuador | D32: =IF(E32="","",IFERROR(VLOOKUP(E32,'_Catalogos'!$J$2:$K$1000,2,FALSE),"")) -> Tungurahua | E32: Ambato | F32: Turismo | G32: 2 | H32: 2 | I32: 1 | K32: 4 | L32: 3 | M32: 4 | N32: 1 | P32: =IF(COUNT(G32:O32)=0,"",SUM(G32:J32)) -> 5 | Q32: =IF(COUNT(G32:O32)=0,"",SUM(K32:N32)) -> 12 | R32: =IF(P32="","",P32+Q32) -> 17 | S32: =IF(R32="","",IF(C32="Ecuador",R32,0)) -> 17 | T32: =IF(R32="","",R32-S32) -> 0 | U32: =IF(R32="","",IF(O32>R32,"Revisar: discapacidad "&O32&" mayor que el total "&R32,IF(OR(A32="",B32="",C32="",F32=""),"Falta año, mes, país o motivo",IF(AND(C32="Ecuador",E32=""),"Falta la ciudad","OK")))) -> OK
A33: 2025 | B33: Noviembre | C33: Jordania | D33: =IF(E33="","",IFERROR(VLOOKUP(E33,'_Catalogos'!$J$2:$K$1000,2,FALSE),"")) | F33: Visita familiar | G33: 2 | H33: 5 | I33: 5 | J33: 2 | K33: 6 | L33: 5 | M33: 5 | N33: 2 | P33: =IF(COUNT(G33:O33)=0,"",SUM(G33:J33)) -> 14 | Q33: =IF(COUNT(G33:O33)=0,"",SUM(K33:N33)) -> 18 | R33: =IF(P33="","",P33+Q33) -> 32 | S33: =IF(R33="","",IF(C33="Ecuador",R33,0)) -> 0 | T33: =IF(R33="","",R33-S33) -> 32 | U33: =IF(R33="","",IF(O33>R33,"Revisar: discapacidad "&O33&" mayor que el total "&R33,IF(OR(A33="",B33="",C33="",F33=""),"Falta año, mes, país o motivo",IF(AND(C33="Ecuador",E33=""),"Falta la ciudad","OK")))) -> OK
A34: 2025 | B34: Noviembre | C34: Ecuador | D34: =IF(E34="","",IFERROR(VLOOKUP(E34,'_Catalogos'!$J$2:$K$1000,2,FALSE),"")) -> Manabí | E34: Manta | F34: Turismo | G34: 3 | H34: 3 | I34: 3 | K34: 2 | L34: 6 | M34: 1 | P34: =IF(COUNT(G34:O34)=0,"",SUM(G34:J34)) -> 9 | Q34: =IF(COUNT(G34:O34)=0,"",SUM(K34:N34)) -> 9 | R34: =IF(P34="","",P34+Q34) -> 18 | S34: =IF(R34="","",IF(C34="Ecuador",R34,0)) -> 18 | T34: =IF(R34="","",R34-S34) -> 0 | U34: =IF(R34="","",IF(O34>R34,"Revisar: discapacidad "&O34&" mayor que el total "&R34,IF(OR(A34="",B34="",C34="",F34=""),"Falta año, mes, país o motivo",IF(AND(C34="Ecuador",E34=""),"Falta la ciudad","OK")))) -> OK
A35: 2025 | B35: Diciembre | C35: Ecuador | D35: =IF(E35="","",IFERROR(VLOOKUP(E35,'_Catalogos'!$J$2:$K$1000,2,FALSE),"")) -> El Oro | E35: Machala | F35: Visita familiar | G35: 4 | H35: 1 | I35: 4 | K35: 2 | L35: 5 | M35: 6 | P35: =IF(COUNT(G35:O35)=0,"",SUM(G35:J35)) -> 9 | Q35: =IF(COUNT(G35:O35)=0,"",SUM(K35:N35)) -> 13 | R35: =IF(P35="","",P35+Q35) -> 22 | S35: =IF(R35="","",IF(C35="Ecuador",R35,0)) -> 22 | T35: =IF(R35="","",R35-S35) -> 0 | U35: =IF(R35="","",IF(O35>R35,"Revisar: discapacidad "&O35&" mayor que el total "&R35,IF(OR(A35="",B35="",C35="",F35=""),"Falta año, mes, país o motivo",IF(AND(C35="Ecuador",E35=""),"Falta la ciudad","OK")))) -> OK
A36: 2025 | B36: Diciembre | C36: México | D36: =IF(E36="","",IFERROR(VLOOKUP(E36,'_Catalogos'!$J$2:$K$1000,2,FALSE),"")) | F36: Turismo | H36: 4 | I36: 8 | J36: 1 | K36: 4 | L36: 8 | M36: 4 | N36: 2 | P36: =IF(COUNT(G36:O36)=0,"",SUM(G36:J36)) -> 13 | Q36: =IF(COUNT(G36:O36)=0,"",SUM(K36:N36)) -> 18 | R36: =IF(P36="","",P36+Q36) -> 31 | S36: =IF(R36="","",IF(C36="Ecuador",R36,0)) -> 0 | T36: =IF(R36="","",R36-S36) -> 31 | U36: =IF(R36="","",IF(O36>R36,"Revisar: discapacidad "&O36&" mayor que el total "&R36,IF(OR(A36="",B36="",C36="",F36=""),"Falta año, mes, país o motivo",IF(AND(C36="Ecuador",E36=""),"Falta la ciudad","OK")))) -> OK
A37: 2026 | B37: Enero | C37: Estados Unidos | D37: =IF(E37="","",IFERROR(VLOOKUP(E37,'_Catalogos'!$J$2:$K$1000,2,FALSE),"")) | F37: Turismo | G37: 2 | H37: 4 | I37: 2 | J37: 2 | K37: 4 | L37: 1 | M37: 10 | N37: 2 | P37: =IF(COUNT(G37:O37)=0,"",SUM(G37:J37)) -> 10 | Q37: =IF(COUNT(G37:O37)=0,"",SUM(K37:N37)) -> 17 | R37: =IF(P37="","",P37+Q37) -> 27 | S37: =IF(R37="","",IF(C37="Ecuador",R37,0)) -> 0 | T37: =IF(R37="","",R37-S37) -> 27 | U37: =IF(R37="","",IF(O37>R37,"Revisar: discapacidad "&O37&" mayor que el total "&R37,IF(OR(A37="",B37="",C37="",F37=""),"Falta año, mes, país o motivo",IF(AND(C37="Ecuador",E37=""),"Falta la ciudad","OK")))) -> OK
A38: 2026 | B38: Enero | C38: Ecuador | D38: =IF(E38="","",IFERROR(VLOOKUP(E38,'_Catalogos'!$J$2:$K$1000,2,FALSE),"")) -> Cotopaxi | E38: Salcedo | F38: Turismo | H38: 1 | P38: =IF(COUNT(G38:O38)=0,"",SUM(G38:J38)) -> 1 | Q38: =IF(COUNT(G38:O38)=0,"",SUM(K38:N38)) -> 0 | R38: =IF(P38="","",P38+Q38) -> 1 | S38: =IF(R38="","",IF(C38="Ecuador",R38,0)) -> 1 | T38: =IF(R38="","",R38-S38) -> 0 | U38: =IF(R38="","",IF(O38>R38,"Revisar: discapacidad "&O38&" mayor que el total "&R38,IF(OR(A38="",B38="",C38="",F38=""),"Falta año, mes, país o motivo",IF(AND(C38="Ecuador",E38=""),"Falta la ciudad","OK")))) -> OK
A39: 2026 | B39: Febrero | C39: Ecuador | D39: =IF(E39="","",IFERROR(VLOOKUP(E39,'_Catalogos'!$J$2:$K$1000,2,FALSE),"")) -> Tungurahua | E39: Ambato | F39: Descanso | G39: 4 | H39: 3 | I39: 1 | J39: 2 | K39: 6 | L39: 5 | M39: 2 | P39: =IF(COUNT(G39:O39)=0,"",SUM(G39:J39)) -> 10 | Q39: =IF(COUNT(G39:O39)=0,"",SUM(K39:N39)) -> 13 | R39: =IF(P39="","",P39+Q39) -> 23 | S39: =IF(R39="","",IF(C39="Ecuador",R39,0)) -> 23 | T39: =IF(R39="","",R39-S39) -> 0 | U39: =IF(R39="","",IF(O39>R39,"Revisar: discapacidad "&O39&" mayor que el total "&R39,IF(OR(A39="",B39="",C39="",F39=""),"Falta año, mes, país o motivo",IF(AND(C39="Ecuador",E39=""),"Falta la ciudad","OK")))) -> OK
A40: 2026 | B40: Febrero | C40: Ecuador | D40: =IF(E40="","",IFERROR(VLOOKUP(E40,'_Catalogos'!$J$2:$K$1000,2,FALSE),"")) -> Zamora Chinchipe | E40: Yantzaza | F40: Visita familiar | G40: 3 | H40: 1 | I40: 2 | K40: 3 | L40: 2 | M40: 1 | N40: 1 | P40: =IF(COUNT(G40:O40)=0,"",SUM(G40:J40)) -> 6 | Q40: =IF(COUNT(G40:O40)=0,"",SUM(K40:N40)) -> 7 | R40: =IF(P40="","",P40+Q40) -> 13 | S40: =IF(R40="","",IF(C40="Ecuador",R40,0)) -> 13 | T40: =IF(R40="","",R40-S40) -> 0 | U40: =IF(R40="","",IF(O40>R40,"Revisar: discapacidad "&O40&" mayor que el total "&R40,IF(OR(A40="",B40="",C40="",F40=""),"Falta año, mes, país o motivo",IF(AND(C40="Ecuador",E40=""),"Falta la ciudad","OK")))) -> OK
A41: 2026 | B41: Marzo | C41: Colombia | D41: =IF(E41="","",IFERROR(VLOOKUP(E41,'_Catalogos'!$J$2:$K$1000,2,FALSE),"")) | F41: Turismo | G41: 2 | H41: 2 | I41: 3 | K41: 2 | L41: 5 | M41: 2 | P41: =IF(COUNT(G41:O41)=0,"",SUM(G41:J41)) -> 7 | Q41: =IF(COUNT(G41:O41)=0,"",SUM(K41:N41)) -> 9 | R41: =IF(P41="","",P41+Q41) -> 16 | S41: =IF(R41="","",IF(C41="Ecuador",R41,0)) -> 0 | T41: =IF(R41="","",R41-S41) -> 16 | U41: =IF(R41="","",IF(O41>R41,"Revisar: discapacidad "&O41&" mayor que el total "&R41,IF(OR(A41="",B41="",C41="",F41=""),"Falta año, mes, país o motivo",IF(AND(C41="Ecuador",E41=""),"Falta la ciudad","OK")))) -> OK
A42: 2026 | B42: Marzo | C42: Ecuador | D42: =IF(E42="","",IFERROR(VLOOKUP(E42,'_Catalogos'!$J$2:$K$1000,2,FALSE),"")) -> Tungurahua | E42: Ambato | F42: Turismo | G42: 2 | H42: 1 | I42: 1 | J42: 1 | L42: 3 | M42: 4 | N42: 1 | P42: =IF(COUNT(G42:O42)=0,"",SUM(G42:J42)) -> 5 | Q42: =IF(COUNT(G42:O42)=0,"",SUM(K42:N42)) -> 8 | R42: =IF(P42="","",P42+Q42) -> 13 | S42: =IF(R42="","",IF(C42="Ecuador",R42,0)) -> 13 | T42: =IF(R42="","",R42-S42) -> 0 | U42: =IF(R42="","",IF(O42>R42,"Revisar: discapacidad "&O42&" mayor que el total "&R42,IF(OR(A42="",B42="",C42="",F42=""),"Falta año, mes, país o motivo",IF(AND(C42="Ecuador",E42=""),"Falta la ciudad","OK")))) -> OK
A43: 2026 | B43: Abril | C43: Ecuador | D43: =IF(E43="","",IFERROR(VLOOKUP(E43,'_Catalogos'!$J$2:$K$1000,2,FALSE),"")) -> Manabí | E43: Manta | F43: Turismo | G43: 4 | H43: 5 | I43: 2 | J43: 1 | K43: 4 | L43: 5 | M43: 2 | N43: 1 | P43: =IF(COUNT(G43:O43)=0,"",SUM(G43:J43)) -> 12 | Q43: =IF(COUNT(G43:O43)=0,"",SUM(K43:N43)) -> 12 | R43: =IF(P43="","",P43+Q43) -> 24 | S43: =IF(R43="","",IF(C43="Ecuador",R43,0)) -> 24 | T43: =IF(R43="","",R43-S43) -> 0 | U43: =IF(R43="","",IF(O43>R43,"Revisar: discapacidad "&O43&" mayor que el total "&R43,IF(OR(A43="",B43="",C43="",F43=""),"Falta año, mes, país o motivo",IF(AND(C43="Ecuador",E43=""),"Falta la ciudad","OK")))) -> OK
A44: 2026 | B44: Abril | C44: Ecuador | D44: =IF(E44="","",IFERROR(VLOOKUP(E44,'_Catalogos'!$J$2:$K$1000,2,FALSE),"")) -> El Oro | E44: Machala | F44: Turismo | G44: 3 | H44: 2 | I44: 2 | J44: 1 | K44: 4 | L44: 5 | M44: 1 | N44: 1 | O44: 5 | P44: =IF(COUNT(G44:O44)=0,"",SUM(G44:J44)) -> 8 | Q44: =IF(COUNT(G44:O44)=0,"",SUM(K44:N44)) -> 11 | R44: =IF(P44="","",P44+Q44) -> 19 | S44: =IF(R44="","",IF(C44="Ecuador",R44,0)) -> 19 | T44: =IF(R44="","",R44-S44) -> 0 | U44: =IF(R44="","",IF(O44>R44,"Revisar: discapacidad "&O44&" mayor que el total "&R44,IF(OR(A44="",B44="",C44="",F44=""),"Falta año, mes, país o motivo",IF(AND(C44="Ecuador",E44=""),"Falta la ciudad","OK")))) -> OK
A45: 2026 | B45: Mayo | C45: Ecuador | D45: =IF(E45="","",IFERROR(VLOOKUP(E45,'_Catalogos'!$J$2:$K$1000,2,FALSE),"")) -> Azuay | E45: Cuenca | F45: Descanso | G45: 2 | H45: 2 | I45: 4 | J45: 1 | K45: 4 | L45: 2 | M45: 1 | N45: 1 | P45: =IF(COUNT(G45:O45)=0,"",SUM(G45:J45)) -> 9 | Q45: =IF(COUNT(G45:O45)=0,"",SUM(K45:N45)) -> 8 | R45: =IF(P45="","",P45+Q45) -> 17 | S45: =IF(R45="","",IF(C45="Ecuador",R45,0)) -> 17 | T45: =IF(R45="","",R45-S45) -> 0 | U45: =IF(R45="","",IF(O45>R45,"Revisar: discapacidad "&O45&" mayor que el total "&R45,IF(OR(A45="",B45="",C45="",F45=""),"Falta año, mes, país o motivo",IF(AND(C45="Ecuador",E45=""),"Falta la ciudad","OK")))) -> OK
A46: 2026 | B46: Mayo | C46: Ecuador | D46: =IF(E46="","",IFERROR(VLOOKUP(E46,'_Catalogos'!$J$2:$K$1000,2,FALSE),"")) -> Tungurahua | E46: Baños | F46: Turismo | G46: 4 | H46: 5 | I46: 4 | J46: 2 | K46: 4 | L46: 5 | M46: 6 | N46: 1 | P46: =IF(COUNT(G46:O46)=0,"",SUM(G46:J46)) -> 15 | Q46: =IF(COUNT(G46:O46)=0,"",SUM(K46:N46)) -> 16 | R46: =IF(P46="","",P46+Q46) -> 31 | S46: =IF(R46="","",IF(C46="Ecuador",R46,0)) -> 31 | T46: =IF(R46="","",R46-S46) -> 0 | U46: =IF(R46="","",IF(O46>R46,"Revisar: discapacidad "&O46&" mayor que el total "&R46,IF(OR(A46="",B46="",C46="",F46=""),"Falta año, mes, país o motivo",IF(AND(C46="Ecuador",E46=""),"Falta la ciudad","OK")))) -> OK
A47: 2026 | B47: Mayo | C47: Ecuador | D47: =IF(E47="","",IFERROR(VLOOKUP(E47,'_Catalogos'!$J$2:$K$1000,2,FALSE),"")) -> Tungurahua | E47: Baños | F47: Descanso | G47: 6 | H47: 6 | I47: 3 | J47: 3 | K47: 3 | L47: 10 | M47: 7 | N47: 4 | P47: =IF(COUNT(G47:O47)=0,"",SUM(G47:J47)) -> 18 | Q47: =IF(COUNT(G47:O47)=0,"",SUM(K47:N47)) -> 24 | R47: =IF(P47="","",P47+Q47) -> 42 | S47: =IF(R47="","",IF(C47="Ecuador",R47,0)) -> 42 | T47: =IF(R47="","",R47-S47) -> 0 | U47: =IF(R47="","",IF(O47>R47,"Revisar: discapacidad "&O47&" mayor que el total "&R47,IF(OR(A47="",B47="",C47="",F47=""),"Falta año, mes, país o motivo",IF(AND(C47="Ecuador",E47=""),"Falta la ciudad","OK")))) -> OK
A48: 2026 | B48: Mayo | C48: Ecuador | D48: =IF(E48="","",IFERROR(VLOOKUP(E48,'_Catalogos'!$J$2:$K$1000,2,FALSE),"")) -> Tungurahua | E48: Pelileo | F48: Visita familiar | G48: 7 | H48: 3 | I48: 5 | J48: 2 | K48: 3 | L48: 1 | M48: 4 | N48: 1 | P48: =IF(COUNT(G48:O48)=0,"",SUM(G48:J48)) -> 17 | Q48: =IF(COUNT(G48:O48)=0,"",SUM(K48:N48)) -> 9 | R48: =IF(P48="","",P48+Q48) -> 26 | S48: =IF(R48="","",IF(C48="Ecuador",R48,0)) -> 26 | T48: =IF(R48="","",R48-S48) -> 0 | U48: =IF(R48="","",IF(O48>R48,"Revisar: discapacidad "&O48&" mayor que el total "&R48,IF(OR(A48="",B48="",C48="",F48=""),"Falta año, mes, país o motivo",IF(AND(C48="Ecuador",E48=""),"Falta la ciudad","OK")))) -> OK
A49: 2026 | B49: Junio | C49: Ghana | D49: =IF(E49="","",IFERROR(VLOOKUP(E49,'_Catalogos'!$J$2:$K$1000,2,FALSE),"")) | F49: Gastronomía | G49: 4 | H49: 2 | I49: 4 | J49: 3 | K49: 12 | L49: 8 | M49: 4 | N49: 5 | P49: =IF(COUNT(G49:O49)=0,"",SUM(G49:J49)) -> 13 | Q49: =IF(COUNT(G49:O49)=0,"",SUM(K49:N49)) -> 29 | R49: =IF(P49="","",P49+Q49) -> 42 | S49: =IF(R49="","",IF(C49="Ecuador",R49,0)) -> 0 | T49: =IF(R49="","",R49-S49) -> 42 | U49: =IF(R49="","",IF(O49>R49,"Revisar: discapacidad "&O49&" mayor que el total "&R49,IF(OR(A49="",B49="",C49="",F49=""),"Falta año, mes, país o motivo",IF(AND(C49="Ecuador",E49=""),"Falta la ciudad","OK")))) -> OK
A50: 2026 | B50: Junio | C50: Ecuador | D50: =IF(E50="","",IFERROR(VLOOKUP(E50,'_Catalogos'!$J$2:$K$1000,2,FALSE),"")) -> Pastaza | E50: Puyo | F50: Visita familiar | G50: 4 | H50: 5 | I50: 1 | J50: 1 | K50: 7 | L50: 2 | M50: 1 | N50: 1 | P50: =IF(COUNT(G50:O50)=0,"",SUM(G50:J50)) -> 11 | Q50: =IF(COUNT(G50:O50)=0,"",SUM(K50:N50)) -> 11 | R50: =IF(P50="","",P50+Q50) -> 22 | S50: =IF(R50="","",IF(C50="Ecuador",R50,0)) -> 22 | T50: =IF(R50="","",R50-S50) -> 0 | U50: =IF(R50="","",IF(O50>R50,"Revisar: discapacidad "&O50&" mayor que el total "&R50,IF(OR(A50="",B50="",C50="",F50=""),"Falta año, mes, país o motivo",IF(AND(C50="Ecuador",E50=""),"Falta la ciudad","OK")))) -> OK
A51: 2026 | B51: Junio | C51: Ecuador | D51: =IF(E51="","",IFERROR(VLOOKUP(E51,'_Catalogos'!$J$2:$K$1000,2,FALSE),"")) -> Loja | E51: Loja | F51: Turismo | G51: 7 | H51: 8 | I51: 5 | J51: 2 | K51: 5 | L51: 7 | M51: 2 | N51: 3 | P51: =IF(COUNT(G51:O51)=0,"",SUM(G51:J51)) -> 22 | Q51: =IF(COUNT(G51:O51)=0,"",SUM(K51:N51)) -> 17 | R51: =IF(P51="","",P51+Q51) -> 39 | S51: =IF(R51="","",IF(C51="Ecuador",R51,0)) -> 39 | T51: =IF(R51="","",R51-S51) -> 0 | U51: =IF(R51="","",IF(O51>R51,"Revisar: discapacidad "&O51&" mayor que el total "&R51,IF(OR(A51="",B51="",C51="",F51=""),"Falta año, mes, país o motivo",IF(AND(C51="Ecuador",E51=""),"Falta la ciudad","OK")))) -> OK
A52: 2026 | B52: Junio | C52: Afganistán | D52: =IF(E52="","",IFERROR(VLOOKUP(E52,'_Catalogos'!$J$2:$K$1000,2,FALSE),"")) | F52: Turismo | G52: 1 | H52: 2 | J52: 1 | K52: 2 | L52: 4 | M52: 3 | P52: =IF(COUNT(G52:O52)=0,"",SUM(G52:J52)) -> 4 | Q52: =IF(COUNT(G52:O52)=0,"",SUM(K52:N52)) -> 9 | R52: =IF(P52="","",P52+Q52) -> 13 | S52: =IF(R52="","",IF(C52="Ecuador",R52,0)) -> 0 | T52: =IF(R52="","",R52-S52) -> 13 | U52: =IF(R52="","",IF(O52>R52,"Revisar: discapacidad "&O52&" mayor que el total "&R52,IF(OR(A52="",B52="",C52="",F52=""),"Falta año, mes, país o motivo",IF(AND(C52="Ecuador",E52=""),"Falta la ciudad","OK")))) -> OK
A53: 2026 | B53: Junio | C53: Estados Unidos | D53: =IF(E53="","",IFERROR(VLOOKUP(E53,'_Catalogos'!$J$2:$K$1000,2,FALSE),"")) | F53: Descanso | G53: 4 | H53: 5 | I53: 2 | K53: 5 | L53: 4 | M53: 4 | N53: 1 | P53: =IF(COUNT(G53:O53)=0,"",SUM(G53:J53)) -> 11 | Q53: =IF(COUNT(G53:O53)=0,"",SUM(K53:N53)) -> 14 | R53: =IF(P53="","",P53+Q53) -> 25 | S53: =IF(R53="","",IF(C53="Ecuador",R53,0)) -> 0 | T53: =IF(R53="","",R53-S53) -> 25 | U53: =IF(R53="","",IF(O53>R53,"Revisar: discapacidad "&O53&" mayor que el total "&R53,IF(OR(A53="",B53="",C53="",F53=""),"Falta año, mes, país o motivo",IF(AND(C53="Ecuador",E53=""),"Falta la ciudad","OK")))) -> OK
A54: 2026 | B54: Junio | C54: Ecuador | D54: =IF(E54="","",IFERROR(VLOOKUP(E54,'_Catalogos'!$J$2:$K$1000,2,FALSE),"")) -> Imbabura | E54: Ibarra | F54: Descanso | G54: 2 | H54: 3 | I54: 3 | K54: 3 | L54: 5 | P54: =IF(COUNT(G54:O54)=0,"",SUM(G54:J54)) -> 8 | Q54: =IF(COUNT(G54:O54)=0,"",SUM(K54:N54)) -> 8 | R54: =IF(P54="","",P54+Q54) -> 16 | S54: =IF(R54="","",IF(C54="Ecuador",R54,0)) -> 16 | T54: =IF(R54="","",R54-S54) -> 0 | U54: =IF(R54="","",IF(O54>R54,"Revisar: discapacidad "&O54&" mayor que el total "&R54,IF(OR(A54="",B54="",C54="",F54=""),"Falta año, mes, país o motivo",IF(AND(C54="Ecuador",E54=""),"Falta la ciudad","OK")))) -> OK
A55: 2026 | B55: Julio | C55: Ecuador | D55: =IF(E55="","",IFERROR(VLOOKUP(E55,'_Catalogos'!$J$2:$K$1000,2,FALSE),"")) -> Tungurahua | E55: Pelileo | F55: Turismo | G55: 6 | H55: 9 | I55: 5 | J55: 2 | K55: 3 | L55: 4 | M55: 2 | N55: 1 | P55: =IF(COUNT(G55:O55)=0,"",SUM(G55:J55)) -> 22 | Q55: =IF(COUNT(G55:O55)=0,"",SUM(K55:N55)) -> 10 | R55: =IF(P55="","",P55+Q55) -> 32 | S55: =IF(R55="","",IF(C55="Ecuador",R55,0)) -> 32 | T55: =IF(R55="","",R55-S55) -> 0 | U55: =IF(R55="","",IF(O55>R55,"Revisar: discapacidad "&O55&" mayor que el total "&R55,IF(OR(A55="",B55="",C55="",F55=""),"Falta año, mes, país o motivo",IF(AND(C55="Ecuador",E55=""),"Falta la ciudad","OK")))) -> OK
A56: 2026 | B56: Julio | C56: Djibouti | D56: =IF(E56="","",IFERROR(VLOOKUP(E56,'_Catalogos'!$J$2:$K$1000,2,FALSE),"")) | F56: Gastronomía | G56: 8 | H56: 6 | I56: 8 | J56: 1 | K56: 8 | L56: 6 | M56: 4 | N56: 3 | P56: =IF(COUNT(G56:O56)=0,"",SUM(G56:J56)) -> 23 | Q56: =IF(COUNT(G56:O56)=0,"",SUM(K56:N56)) -> 21 | R56: =IF(P56="","",P56+Q56) -> 44 | S56: =IF(R56="","",IF(C56="Ecuador",R56,0)) -> 0 | T56: =IF(R56="","",R56-S56) -> 44 | U56: =IF(R56="","",IF(O56>R56,"Revisar: discapacidad "&O56&" mayor que el total "&R56,IF(OR(A56="",B56="",C56="",F56=""),"Falta año, mes, país o motivo",IF(AND(C56="Ecuador",E56=""),"Falta la ciudad","OK")))) -> OK
A57: 2026 | B57: Julio | C57: Reino Unido | D57: =IF(E57="","",IFERROR(VLOOKUP(E57,'_Catalogos'!$J$2:$K$1000,2,FALSE),"")) | F57: Descanso | G57: 1 | H57: 5 | I57: 4 | J57: 1 | K57: 1 | N57: 1 | P57: =IF(COUNT(G57:O57)=0,"",SUM(G57:J57)) -> 11 | Q57: =IF(COUNT(G57:O57)=0,"",SUM(K57:N57)) -> 2 | R57: =IF(P57="","",P57+Q57) -> 13 | S57: =IF(R57="","",IF(C57="Ecuador",R57,0)) -> 0 | T57: =IF(R57="","",R57-S57) -> 13 | U57: =IF(R57="","",IF(O57>R57,"Revisar: discapacidad "&O57&" mayor que el total "&R57,IF(OR(A57="",B57="",C57="",F57=""),"Falta año, mes, país o motivo",IF(AND(C57="Ecuador",E57=""),"Falta la ciudad","OK")))) -> OK
A58: 2026 | B58: Julio | C58: Ecuador | D58: =IF(E58="","",IFERROR(VLOOKUP(E58,'_Catalogos'!$J$2:$K$1000,2,FALSE),"")) -> Tungurahua | E58: Ambato | F58: Ocio | G58: 5 | H58: 7 | I58: 3 | K58: 8 | L58: 3 | M58: 8 | P58: =IF(COUNT(G58:O58)=0,"",SUM(G58:J58)) -> 15 | Q58: =IF(COUNT(G58:O58)=0,"",SUM(K58:N58)) -> 19 | R58: =IF(P58="","",P58+Q58) -> 34 | S58: =IF(R58="","",IF(C58="Ecuador",R58,0)) -> 34 | T58: =IF(R58="","",R58-S58) -> 0 | U58: =IF(R58="","",IF(O58>R58,"Revisar: discapacidad "&O58&" mayor que el total "&R58,IF(OR(A58="",B58="",C58="",F58=""),"Falta año, mes, país o motivo",IF(AND(C58="Ecuador",E58=""),"Falta la ciudad","OK")))) -> OK
A59: 2026 | B59: Agosto | C59: Ecuador | D59: =IF(E59="","",IFERROR(VLOOKUP(E59,'_Catalogos'!$J$2:$K$1000,2,FALSE),"")) -> Pichincha | E59: Quito | F59: Visita familiar | G59: 5 | H59: 4 | I59: 5 | K59: 6 | L59: 8 | M59: 2 | N59: 3 | P59: =IF(COUNT(G59:O59)=0,"",SUM(G59:J59)) -> 14 | Q59: =IF(COUNT(G59:O59)=0,"",SUM(K59:N59)) -> 19 | R59: =IF(P59="","",P59+Q59) -> 33 | S59: =IF(R59="","",IF(C59="Ecuador",R59,0)) -> 33 | T59: =IF(R59="","",R59-S59) -> 0 | U59: =IF(R59="","",IF(O59>R59,"Revisar: discapacidad "&O59&" mayor que el total "&R59,IF(OR(A59="",B59="",C59="",F59=""),"Falta año, mes, país o motivo",IF(AND(C59="Ecuador",E59=""),"Falta la ciudad","OK")))) -> OK
A60: 2026 | B60: Agosto | C60: Ecuador | D60: =IF(E60="","",IFERROR(VLOOKUP(E60,'_Catalogos'!$J$2:$K$1000,2,FALSE),"")) -> El Oro | E60: Machala | F60: Negocios | G60: 5 | H60: 4 | I60: 3 | J60: 1 | K60: 3 | L60: 8 | M60: 3 | N60: 1 | P60: =IF(COUNT(G60:O60)=0,"",SUM(G60:J60)) -> 13 | Q60: =IF(COUNT(G60:O60)=0,"",SUM(K60:N60)) -> 15 | R60: =IF(P60="","",P60+Q60) -> 28 | S60: =IF(R60="","",IF(C60="Ecuador",R60,0)) -> 28 | T60: =IF(R60="","",R60-S60) -> 0 | U60: =IF(R60="","",IF(O60>R60,"Revisar: discapacidad "&O60&" mayor que el total "&R60,IF(OR(A60="",B60="",C60="",F60=""),"Falta año, mes, país o motivo",IF(AND(C60="Ecuador",E60=""),"Falta la ciudad","OK")))) -> OK
A61: 2026 | B61: Septiembre | C61: España | D61: =IF(E61="","",IFERROR(VLOOKUP(E61,'_Catalogos'!$J$2:$K$1000,2,FALSE),"")) | F61: Descanso | G61: 4 | H61: 2 | I61: 3 | J61: 1 | K61: 1 | L61: 2 | M61: 2 | N61: 1 | P61: =IF(COUNT(G61:O61)=0,"",SUM(G61:J61)) -> 10 | Q61: =IF(COUNT(G61:O61)=0,"",SUM(K61:N61)) -> 6 | R61: =IF(P61="","",P61+Q61) -> 16 | S61: =IF(R61="","",IF(C61="Ecuador",R61,0)) -> 0 | T61: =IF(R61="","",R61-S61) -> 16 | U61: =IF(R61="","",IF(O61>R61,"Revisar: discapacidad "&O61&" mayor que el total "&R61,IF(OR(A61="",B61="",C61="",F61=""),"Falta año, mes, país o motivo",IF(AND(C61="Ecuador",E61=""),"Falta la ciudad","OK")))) -> OK
A62: 2026 | B62: Septiembre | C62: Ecuador | D62: =IF(E62="","",IFERROR(VLOOKUP(E62,'_Catalogos'!$J$2:$K$1000,2,FALSE),"")) -> Pastaza | E62: Puyo | F62: Descanso | G62: 3 | H62: 5 | I62: 1 | J62: 2 | K62: 4 | L62: 4 | M62: 5 | N62: 1 | O62: 2 | P62: =IF(COUNT(G62:O62)=0,"",SUM(G62:J62)) -> 11 | Q62: =IF(COUNT(G62:O62)=0,"",SUM(K62:N62)) -> 14 | R62: =IF(P62="","",P62+Q62) -> 25 | S62: =IF(R62="","",IF(C62="Ecuador",R62,0)) -> 25 | T62: =IF(R62="","",R62-S62) -> 0 | U62: =IF(R62="","",IF(O62>R62,"Revisar: discapacidad "&O62&" mayor que el total "&R62,IF(OR(A62="",B62="",C62="",F62=""),"Falta año, mes, país o motivo",IF(AND(C62="Ecuador",E62=""),"Falta la ciudad","OK")))) -> OK
A63: 2026 | B63: Septiembre | C63: Ecuador | D63: =IF(E63="","",IFERROR(VLOOKUP(E63,'_Catalogos'!$J$2:$K$1000,2,FALSE),"")) -> Tungurahua | E63: Baños | F63: Negocios | G63: 4 | H63: 2 | I63: 2 | J63: 1 | K63: 4 | L63: 1 | M63: 2 | N63: 1 | P63: =IF(COUNT(G63:O63)=0,"",SUM(G63:J63)) -> 9 | Q63: =IF(COUNT(G63:O63)=0,"",SUM(K63:N63)) -> 8 | R63: =IF(P63="","",P63+Q63) -> 17 | S63: =IF(R63="","",IF(C63="Ecuador",R63,0)) -> 17 | T63: =IF(R63="","",R63-S63) -> 0 | U63: =IF(R63="","",IF(O63>R63,"Revisar: discapacidad "&O63&" mayor que el total "&R63,IF(OR(A63="",B63="",C63="",F63=""),"Falta año, mes, país o motivo",IF(AND(C63="Ecuador",E63=""),"Falta la ciudad","OK")))) -> OK
D64: =IF(E64="","",IFERROR(VLOOKUP(E64,'_Catalogos'!$J$2:$K$1000,2,FALSE),"")) | P64: =IF(COUNT(G64:O64)=0,"",SUM(G64:J64)) | Q64: =IF(COUNT(G64:O64)=0,"",SUM(K64:N64)) | R64: =IF(P64="","",P64+Q64) | S64: =IF(R64="","",IF(C64="Ecuador",R64,0)) | T64: =IF(R64="","",R64-S64) | U64: =IF(R64="","",IF(O64>R64,"Revisar: discapacidad "&O64&" mayor que el total "&R64,IF(OR(A64="",B64="",C64="",F64=""),"Falta año, mes, país o motivo",IF(AND(C64="Ecuador",E64=""),"Falta la ciudad","OK"))))
D65: =IF(E65="","",IFERROR(VLOOKUP(E65,'_Catalogos'!$J$2:$K$1000,2,FALSE),"")) | P65: =IF(COUNT(G65:O65)=0,"",SUM(G65:J65)) | Q65: =IF(COUNT(G65:O65)=0,"",SUM(K65:N65)) | R65: =IF(P65="","",P65+Q65) | S65: =IF(R65="","",IF(C65="Ecuador",R65,0)) | T65: =IF(R65="","",R65-S65) | U65: =IF(R65="","",IF(O65>R65,"Revisar: discapacidad "&O65&" mayor que el total "&R65,IF(OR(A65="",B65="",C65="",F65=""),"Falta año, mes, país o motivo",IF(AND(C65="Ecuador",E65=""),"Falta la ciudad","OK"))))
D66: =IF(E66="","",IFERROR(VLOOKUP(E66,'_Catalogos'!$J$2:$K$1000,2,FALSE),"")) | P66: =IF(COUNT(G66:O66)=0,"",SUM(G66:J66)) | Q66: =IF(COUNT(G66:O66)=0,"",SUM(K66:N66)) | R66: =IF(P66="","",P66+Q66) | S66: =IF(R66="","",IF(C66="Ecuador",R66,0)) | T66: =IF(R66="","",R66-S66) | U66: =IF(R66="","",IF(O66>R66,"Revisar: discapacidad "&O66&" mayor que el total "&R66,IF(OR(A66="",B66="",C66="",F66=""),"Falta año, mes, país o motivo",IF(AND(C66="Ecuador",E66=""),"Falta la ciudad","OK"))))
D67: =IF(E67="","",IFERROR(VLOOKUP(E67,'_Catalogos'!$J$2:$K$1000,2,FALSE),"")) | P67: =IF(COUNT(G67:O67)=0,"",SUM(G67:J67)) | Q67: =IF(COUNT(G67:O67)=0,"",SUM(K67:N67)) | R67: =IF(P67="","",P67+Q67) | S67: =IF(R67="","",IF(C67="Ecuador",R67,0)) | T67: =IF(R67="","",R67-S67) | U67: =IF(R67="","",IF(O67>R67,"Revisar: discapacidad "&O67&" mayor que el total "&R67,IF(OR(A67="",B67="",C67="",F67=""),"Falta año, mes, país o motivo",IF(AND(C67="Ecuador",E67=""),"Falta la ciudad","OK"))))
D68: =IF(E68="","",IFERROR(VLOOKUP(E68,'_Catalogos'!$J$2:$K$1000,2,FALSE),"")) | P68: =IF(COUNT(G68:O68)=0,"",SUM(G68:J68)) | Q68: =IF(COUNT(G68:O68)=0,"",SUM(K68:N68)) | R68: =IF(P68="","",P68+Q68) | S68: =IF(R68="","",IF(C68="Ecuador",R68,0)) | T68: =IF(R68="","",R68-S68) | U68: =IF(R68="","",IF(O68>R68,"Revisar: discapacidad "&O68&" mayor que el total "&R68,IF(OR(A68="",B68="",C68="",F68=""),"Falta año, mes, país o motivo",IF(AND(C68="Ecuador",E68=""),"Falta la ciudad","OK"))))
D69: =IF(E69="","",IFERROR(VLOOKUP(E69,'_Catalogos'!$J$2:$K$1000,2,FALSE),"")) | P69: =IF(COUNT(G69:O69)=0,"",SUM(G69:J69)) | Q69: =IF(COUNT(G69:O69)=0,"",SUM(K69:N69)) | R69: =IF(P69="","",P69+Q69) | S69: =IF(R69="","",IF(C69="Ecuador",R69,0)) | T69: =IF(R69="","",R69-S69) | U69: =IF(R69="","",IF(O69>R69,"Revisar: discapacidad "&O69&" mayor que el total "&R69,IF(OR(A69="",B69="",C69="",F69=""),"Falta año, mes, país o motivo",IF(AND(C69="Ecuador",E69=""),"Falta la ciudad","OK"))))
D70: =IF(E70="","",IFERROR(VLOOKUP(E70,'_Catalogos'!$J$2:$K$1000,2,FALSE),"")) | P70: =IF(COUNT(G70:O70)=0,"",SUM(G70:J70)) | Q70: =IF(COUNT(G70:O70)=0,"",SUM(K70:N70)) | R70: =IF(P70="","",P70+Q70) | S70: =IF(R70="","",IF(C70="Ecuador",R70,0)) | T70: =IF(R70="","",R70-S70) | U70: =IF(R70="","",IF(O70>R70,"Revisar: discapacidad "&O70&" mayor que el total "&R70,IF(OR(A70="",B70="",C70="",F70=""),"Falta año, mes, país o motivo",IF(AND(C70="Ecuador",E70=""),"Falta la ciudad","OK"))))
D71: =IF(E71="","",IFERROR(VLOOKUP(E71,'_Catalogos'!$J$2:$K$1000,2,FALSE),"")) | P71: =IF(COUNT(G71:O71)=0,"",SUM(G71:J71)) | Q71: =IF(COUNT(G71:O71)=0,"",SUM(K71:N71)) | R71: =IF(P71="","",P71+Q71) | S71: =IF(R71="","",IF(C71="Ecuador",R71,0)) | T71: =IF(R71="","",R71-S71) | U71: =IF(R71="","",IF(O71>R71,"Revisar: discapacidad "&O71&" mayor que el total "&R71,IF(OR(A71="",B71="",C71="",F71=""),"Falta año, mes, país o motivo",IF(AND(C71="Ecuador",E71=""),"Falta la ciudad","OK"))))
D72: =IF(E72="","",IFERROR(VLOOKUP(E72,'_Catalogos'!$J$2:$K$1000,2,FALSE),"")) | P72: =IF(COUNT(G72:O72)=0,"",SUM(G72:J72)) | Q72: =IF(COUNT(G72:O72)=0,"",SUM(K72:N72)) | R72: =IF(P72="","",P72+Q72) | S72: =IF(R72="","",IF(C72="Ecuador",R72,0)) | T72: =IF(R72="","",R72-S72) | U72: =IF(R72="","",IF(O72>R72,"Revisar: discapacidad "&O72&" mayor que el total "&R72,IF(OR(A72="",B72="",C72="",F72=""),"Falta año, mes, país o motivo",IF(AND(C72="Ecuador",E72=""),"Falta la ciudad","OK"))))
D73: =IF(E73="","",IFERROR(VLOOKUP(E73,'_Catalogos'!$J$2:$K$1000,2,FALSE),"")) | P73: =IF(COUNT(G73:O73)=0,"",SUM(G73:J73)) | Q73: =IF(COUNT(G73:O73)=0,"",SUM(K73:N73)) | R73: =IF(P73="","",P73+Q73) | S73: =IF(R73="","",IF(C73="Ecuador",R73,0)) | T73: =IF(R73="","",R73-S73) | U73: =IF(R73="","",IF(O73>R73,"Revisar: discapacidad "&O73&" mayor que el total "&R73,IF(OR(A73="",B73="",C73="",F73=""),"Falta año, mes, país o motivo",IF(AND(C73="Ecuador",E73=""),"Falta la ciudad","OK"))))
D74: =IF(E74="","",IFERROR(VLOOKUP(E74,'_Catalogos'!$J$2:$K$1000,2,FALSE),"")) | P74: =IF(COUNT(G74:O74)=0,"",SUM(G74:J74)) | Q74: =IF(COUNT(G74:O74)=0,"",SUM(K74:N74)) | R74: =IF(P74="","",P74+Q74) | S74: =IF(R74="","",IF(C74="Ecuador",R74,0)) | T74: =IF(R74="","",R74-S74) | U74: =IF(R74="","",IF(O74>R74,"Revisar: discapacidad "&O74&" mayor que el total "&R74,IF(OR(A74="",B74="",C74="",F74=""),"Falta año, mes, país o motivo",IF(AND(C74="Ecuador",E74=""),"Falta la ciudad","OK"))))
D75: =IF(E75="","",IFERROR(VLOOKUP(E75,'_Catalogos'!$J$2:$K$1000,2,FALSE),"")) | P75: =IF(COUNT(G75:O75)=0,"",SUM(G75:J75)) | Q75: =IF(COUNT(G75:O75)=0,"",SUM(K75:N75)) | R75: =IF(P75="","",P75+Q75) | S75: =IF(R75="","",IF(C75="Ecuador",R75,0)) | T75: =IF(R75="","",R75-S75) | U75: =IF(R75="","",IF(O75>R75,"Revisar: discapacidad "&O75&" mayor que el total "&R75,IF(OR(A75="",B75="",C75="",F75=""),"Falta año, mes, país o motivo",IF(AND(C75="Ecuador",E75=""),"Falta la ciudad","OK"))))
... D600: =IF(E600="","",IFERROR(VLOOKUP(E600,'_Catalogos'!$J$2:$K$1000,2,FALSE),"")) | P600: =IF(COUNT(G600:O600)=0,"",SUM(G600:J600)) | Q600: =IF(COUNT(G600:O600)=0,"",SUM(K600:N600)) | R600: =IF(P600="","",P600+Q600) | S600: =IF(R600="","",IF(C600="Ecuador",R600,0)) | T600: =IF(R600="","",R600-S600) | U600: =IF(R600="","",IF(O600>R600,"Revisar: discapacidad "&O600&" mayor que el total "&R600,IF(OR(A600="",B600="",C600="",F600=""),"Falta año, mes, país o motivo",IF(AND(C600="Ecuador",E600=""),"Falta la ciudad","OK"))))

Sheet Hostería Río Patate
A1: Año | B1: Mes | C1: País | D1: Provincia | E1: Ciudad | F1: Motivo de visita | G1: Mujeres 0-30 | H1: Mujeres 31-45 | I1: Mujeres 46-60 | J1: Mujeres 61+ | K1: Hombres 0-30 | L1: Hombres 31-45 | M1: Hombres 46-60 | N1: Hombres 61+ | O1: Personas con discapacidad | P1: Total mujeres | Q1: Total hombres | R1: Total visitantes | S1: Nacionales | T1: Extranjeros | U1: Estado
A2: 2025 | B2: Enero | C2: Brasil | D2: =IF(E2="","",IFERROR(VLOOKUP(E2,'_Catalogos'!$J$2:$K$1000,2,FALSE),"")) | F2: Turismo | G2: 4 | H2: 2 | I2: 2 | K2: 2 | L2: 2 | M2: 2 | N2: 2 | P2: =IF(COUNT(G2:O2)=0,"",SUM(G2:J2)) -> 8 | Q2: =IF(COUNT(G2:O2)=0,"",SUM(K2:N2)) -> 8 | R2: =IF(P2="","",P2+Q2) -> 16 | S2: =IF(R2="","",IF(C2="Ecuador",R2,0)) -> 0 | T2: =IF(R2="","",R2-S2) -> 16 | U2: =IF(R2="","",IF(O2>R2,"Revisar: discapacidad "&O2&" mayor que el total "&R2,IF(OR(A2="",B2="",C2="",F2=""),"Falta año, mes, país o motivo",IF(AND(C2="Ecuador",E2=""),"Falta la ciudad","OK")))) -> OK
A3: 2025 | B3: Enero | C3: Alemania | D3: =IF(E3="","",IFERROR(VLOOKUP(E3,'_Catalogos'!$J$2:$K$1000,2,FALSE),"")) | F3: Gastronomía | G3: 1 | H3: 2 | I3: 3 | J3: 2 | P3: =IF(COUNT(G3:O3)=0,"",SUM(G3:J3)) -> 8 | Q3: =IF(COUNT(G3:O3)=0,"",SUM(K3:N3)) -> 0 | R3: =IF(P3="","",P3+Q3) -> 8 | S3: =IF(R3="","",IF(C3="Ecuador",R3,0)) -> 0 | T3: =IF(R3="","",R3-S3) -> 8 | U3: =IF(R3="","",IF(O3>R3,"Revisar: discapacidad "&O3&" mayor que el total "&R3,IF(OR(A3="",B3="",C3="",F3=""),"Falta año, mes, país o motivo",IF(AND(C3="Ecuador",E3=""),"Falta la ciudad","OK")))) -> OK
A4: 2025 | B4: Febrero | C4: Perú | D4: =IF(E4="","",IFERROR(VLOOKUP(E4,'_Catalogos'!$J$2:$K$1000,2,FALSE),"")) | F4: Turismo | G4: 1 | H4: 3 | I4: 3 | K4: 1 | L4: 3 | M4: 2 | P4: =IF(COUNT(G4:O4)=0,"",SUM(G4:J4)) -> 7 | Q4: =IF(COUNT(G4:O4)=0,"",SUM(K4:N4)) -> 6 | R4: =IF(P4="","",P4+Q4) -> 13 | S4: =IF(R4="","",IF(C4="Ecuador",R4,0)) -> 0 | T4: =IF(R4="","",R4-S4) -> 13 | U4: =IF(R4="","",IF(O4>R4,"Revisar: discapacidad "&O4&" mayor que el total "&R4,IF(OR(A4="",B4="",C4="",F4=""),"Falta año, mes, país o motivo",IF(AND(C4="Ecuador",E4=""),"Falta la ciudad","OK")))) -> OK
A5: 2025 | B5: Febrero | C5: Argentina | D5: =IF(E5="","",IFERROR(VLOOKUP(E5,'_Catalogos'!$J$2:$K$1000,2,FALSE),"")) | F5: Gastronomía | H5: 6 | I5: 2 | K5: 1 | L5: 5 | M5: 1 | P5: =IF(COUNT(G5:O5)=0,"",SUM(G5:J5)) -> 8 | Q5: =IF(COUNT(G5:O5)=0,"",SUM(K5:N5)) -> 7 | R5: =IF(P5="","",P5+Q5) -> 15 | S5: =IF(R5="","",IF(C5="Ecuador",R5,0)) -> 0 | T5: =IF(R5="","",R5-S5) -> 15 | U5: =IF(R5="","",IF(O5>R5,"Revisar: discapacidad "&O5&" mayor que el total "&R5,IF(OR(A5="",B5="",C5="",F5=""),"Falta año, mes, país o motivo",IF(AND(C5="Ecuador",E5=""),"Falta la ciudad","OK")))) -> OK
A6: 2025 | B6: Febrero | C6: Reino Unido | D6: =IF(E6="","",IFERROR(VLOOKUP(E6,'_Catalogos'!$J$2:$K$1000,2,FALSE),"")) | F6: Evento | G6: 4 | H6: 1 | I6: 3 | K6: 2 | L6: 4 | M6: 2 | P6: =IF(COUNT(G6:O6)=0,"",SUM(G6:J6)) -> 8 | Q6: =IF(COUNT(G6:O6)=0,"",SUM(K6:N6)) -> 8 | R6: =IF(P6="","",P6+Q6) -> 16 | S6: =IF(R6="","",IF(C6="Ecuador",R6,0)) -> 0 | T6: =IF(R6="","",R6-S6) -> 16 | U6: =IF(R6="","",IF(O6>R6,"Revisar: discapacidad "&O6&" mayor que el total "&R6,IF(OR(A6="",B6="",C6="",F6=""),"Falta año, mes, país o motivo",IF(AND(C6="Ecuador",E6=""),"Falta la ciudad","OK")))) -> OK
A7: 2025 | B7: Marzo | C7: Ecuador | D7: =IF(E7="","",IFERROR(VLOOKUP(E7,'_Catalogos'!$J$2:$K$1000,2,FALSE),"")) -> Tungurahua | E7: Baños | F7: Descanso | G7: 1 | H7: 4 | I7: 2 | K7: 3 | P7: =IF(COUNT(G7:O7)=0,"",SUM(G7:J7)) -> 7 | Q7: =IF(COUNT(G7:O7)=0,"",SUM(K7:N7)) -> 3 | R7: =IF(P7="","",P7+Q7) -> 10 | S7: =IF(R7="","",IF(C7="Ecuador",R7,0)) -> 10 | T7: =IF(R7="","",R7-S7) -> 0 | U7: =IF(R7="","",IF(O7>R7,"Revisar: discapacidad "&O7&" mayor que el total "&R7,IF(OR(A7="",B7="",C7="",F7=""),"Falta año, mes, país o motivo",IF(AND(C7="Ecuador",E7=""),"Falta la ciudad","OK")))) -> OK
A8: 2025 | B8: Marzo | C8: Ecuador | D8: =IF(E8="","",IFERROR(VLOOKUP(E8,'_Catalogos'!$J$2:$K$1000,2,FALSE),"")) -> Pastaza | E8: Puyo | F8: Turismo | H8: 3 | K8: 2 | L8: 1 | P8: =IF(COUNT(G8:O8)=0,"",SUM(G8:J8)) -> 3 | Q8: =IF(COUNT(G8:O8)=0,"",SUM(K8:N8)) -> 3 | R8: =IF(P8="","",P8+Q8) -> 6 | S8: =IF(R8="","",IF(C8="Ecuador",R8,0)) -> 6 | T8: =IF(R8="","",R8-S8) -> 0 | U8: =IF(R8="","",IF(O8>R8,"Revisar: discapacidad "&O8&" mayor que el total "&R8,IF(OR(A8="",B8="",C8="",F8=""),"Falta año, mes, país o motivo",IF(AND(C8="Ecuador",E8=""),"Falta la ciudad","OK")))) -> OK
A9: 2025 | B9: Abril | C9: Ecuador | D9: =IF(E9="","",IFERROR(VLOOKUP(E9,'_Catalogos'!$J$2:$K$1000,2,FALSE),"")) -> Azuay | E9: Cuenca | F9: Gastronomía | G9: 1 | H9: 1 | I9: 1 | M9: 1 | N9: 2 | P9: =IF(COUNT(G9:O9)=0,"",SUM(G9:J9)) -> 3 | Q9: =IF(COUNT(G9:O9)=0,"",SUM(K9:N9)) -> 3 | R9: =IF(P9="","",P9+Q9) -> 6 | S9: =IF(R9="","",IF(C9="Ecuador",R9,0)) -> 6 | T9: =IF(R9="","",R9-S9) -> 0 | U9: =IF(R9="","",IF(O9>R9,"Revisar: discapacidad "&O9&" mayor que el total "&R9,IF(OR(A9="",B9="",C9="",F9=""),"Falta año, mes, país o motivo",IF(AND(C9="Ecuador",E9=""),"Falta la ciudad","OK")))) -> OK
A10: 2025 | B10: Abril | C10: Ecuador | D10: =IF(E10="","",IFERROR(VLOOKUP(E10,'_Catalogos'!$J$2:$K$1000,2,FALSE),"")) -> Cotopaxi | E10: Latacunga | F10: Gastronomía | G10: 2 | H10: 1 | I10: 2 | K10: 2 | L10: 1 | P10: =IF(COUNT(G10:O10)=0,"",SUM(G10:J10)) -> 5 | Q10: =IF(COUNT(G10:O10)=0,"",SUM(K10:N10)) -> 3 | R10: =IF(P10="","",P10+Q10) -> 8 | S10: =IF(R10="","",IF(C10="Ecuador",R10,0)) -> 8 | T10: =IF(R10="","",R10-S10) -> 0 | U10: =IF(R10="","",IF(O10>R10,"Revisar: discapacidad "&O10&" mayor que el total "&R10,IF(OR(A10="",B10="",C10="",F10=""),"Falta año, mes, país o motivo",IF(AND(C10="Ecuador",E10=""),"Falta la ciudad","OK")))) -> OK
A11: 2025 | B11: Mayo | C11: Ecuador | D11: =IF(E11="","",IFERROR(VLOOKUP(E11,'_Catalogos'!$J$2:$K$1000,2,FALSE),"")) -> Cotopaxi | E11: Salcedo | F11: Turismo | G11: 2 | H11: 1 | I11: 1 | K11: 2 | L11: 3 | M11: 1 | N11: 1 | P11: =IF(COUNT(G11:O11)=0,"",SUM(G11:J11)) -> 4 | Q11: =IF(COUNT(G11:O11)=0,"",SUM(K11:N11)) -> 7 | R11: =IF(P11="","",P11+Q11) -> 11 | S11: =IF(R11="","",IF(C11="Ecuador",R11,0)) -> 11 | T11: =IF(R11="","",R11-S11) -> 0 | U11: =IF(R11="","",IF(O11>R11,"Revisar: discapacidad "&O11&" mayor que el total "&R11,IF(OR(A11="",B11="",C11="",F11=""),"Falta año, mes, país o motivo",IF(AND(C11="Ecuador",E11=""),"Falta la ciudad","OK")))) -> OK
A12: 2025 | B12: Mayo | C12: Canadá | D12: =IF(E12="","",IFERROR(VLOOKUP(E12,'_Catalogos'!$J$2:$K$1000,2,FALSE),"")) | F12: Turismo | G12: 1 | K12: 1 | N12: 1 | P12: =IF(COUNT(G12:O12)=0,"",SUM(G12:J12)) -> 1 | Q12: =IF(COUNT(G12:O12)=0,"",SUM(K12:N12)) -> 2 | R12: =IF(P12="","",P12+Q12) -> 3 | S12: =IF(R12="","",IF(C12="Ecuador",R12,0)) -> 0 | T12: =IF(R12="","",R12-S12) -> 3 | U12: =IF(R12="","",IF(O12>R12,"Revisar: discapacidad "&O12&" mayor que el total "&R12,IF(OR(A12="",B12="",C12="",F12=""),"Falta año, mes, país o motivo",IF(AND(C12="Ecuador",E12=""),"Falta la ciudad","OK")))) -> OK
A13: 2025 | B13: Junio | C13: Ecuador | D13: =IF(E13="","",IFERROR(VLOOKUP(E13,'_Catalogos'!$J$2:$K$1000,2,FALSE),"")) -> Tungurahua | E13: Baños | F13: Turismo | G13: 1 | I13: 1 | K13: 2 | L13: 2 | M13: 2 | P13: =IF(COUNT(G13:O13)=0,"",SUM(G13:J13)) -> 2 | Q13: =IF(COUNT(G13:O13)=0,"",SUM(K13:N13)) -> 6 | R13: =IF(P13="","",P13+Q13) -> 8 | S13: =IF(R13="","",IF(C13="Ecuador",R13,0)) -> 8 | T13: =IF(R13="","",R13-S13) -> 0 | U13: =IF(R13="","",IF(O13>R13,"Revisar: discapacidad "&O13&" mayor que el total "&R13,IF(OR(A13="",B13="",C13="",F13=""),"Falta año, mes, país o motivo",IF(AND(C13="Ecuador",E13=""),"Falta la ciudad","OK")))) -> OK
A14: 2025 | B14: Junio | C14: Argentina | D14: =IF(E14="","",IFERROR(VLOOKUP(E14,'_Catalogos'!$J$2:$K$1000,2,FALSE),"")) | F14: Descanso | G14: 4 | H14: 2 | I14: 1 | J14: 2 | K14: 1 | L14: 1 | M14: 1 | P14: =IF(COUNT(G14:O14)=0,"",SUM(G14:J14)) -> 9 | Q14: =IF(COUNT(G14:O14)=0,"",SUM(K14:N14)) -> 3 | R14: =IF(P14="","",P14+Q14) -> 12 | S14: =IF(R14="","",IF(C14="Ecuador",R14,0)) -> 0 | T14: =IF(R14="","",R14-S14) -> 12 | U14: =IF(R14="","",IF(O14>R14,"Revisar: discapacidad "&O14&" mayor que el total "&R14,IF(OR(A14="",B14="",C14="",F14=""),"Falta año, mes, país o motivo",IF(AND(C14="Ecuador",E14=""),"Falta la ciudad","OK")))) -> OK
A15: 2025 | B15: Julio | C15: Ecuador | D15: =IF(E15="","",IFERROR(VLOOKUP(E15,'_Catalogos'!$J$2:$K$1000,2,FALSE),"")) -> Sucumbíos | E15: Cascales | F15: Evento | G15: 1 | H15: 1 | I15: 1 | J15: 1 | K15: 3 | L15: 5 | M15: 2 | N15: 1 | P15: =IF(COUNT(G15:O15)=0,"",SUM(G15:J15)) -> 4 | Q15: =IF(COUNT(G15:O15)=0,"",SUM(K15:N15)) -> 11 | R15: =IF(P15="","",P15+Q15) -> 15 | S15: =IF(R15="","",IF(C15="Ecuador",R15,0)) -> 15 | T15: =IF(R15="","",R15-S15) -> 0 | U15: =IF(R15="","",IF(O15>R15,"Revisar: discapacidad "&O15&" mayor que el total "&R15,IF(OR(A15="",B15="",C15="",F15=""),"Falta año, mes, país o motivo",IF(AND(C15="Ecuador",E15=""),"Falta la ciudad","OK")))) -> OK
A16: 2025 | B16: Julio | C16: Ecuador | D16: =IF(E16="","",IFERROR(VLOOKUP(E16,'_Catalogos'!$J$2:$K$1000,2,FALSE),"")) -> Guayas | E16: Guayaquil | F16: Gastronomía | G16: 1 | H16: 1 | I16: 1 | K16: 2 | L16: 3 | P16: =IF(COUNT(G16:O16)=0,"",SUM(G16:J16)) -> 3 | Q16: =IF(COUNT(G16:O16)=0,"",SUM(K16:N16)) -> 5 | R16: =IF(P16="","",P16+Q16) -> 8 | S16: =IF(R16="","",IF(C16="Ecuador",R16,0)) -> 8 | T16: =IF(R16="","",R16-S16) -> 0 | U16: =IF(R16="","",IF(O16>R16,"Revisar: discapacidad "&O16&" mayor que el total "&R16,IF(OR(A16="",B16="",C16="",F16=""),"Falta año, mes, país o motivo",IF(AND(C16="Ecuador",E16=""),"Falta la ciudad","OK")))) -> OK
A17: 2025 | B17: Agosto | C17: Canadá | D17: =IF(E17="","",IFERROR(VLOOKUP(E17,'_Catalogos'!$J$2:$K$1000,2,FALSE),"")) | F17: Turismo | G17: 3 | H17: 3 | J17: 2 | K17: 4 | L17: 2 | M17: 1 | N17: 1 | P17: =IF(COUNT(G17:O17)=0,"",SUM(G17:J17)) -> 8 | Q17: =IF(COUNT(G17:O17)=0,"",SUM(K17:N17)) -> 8 | R17: =IF(P17="","",P17+Q17) -> 16 | S17: =IF(R17="","",IF(C17="Ecuador",R17,0)) -> 0 | T17: =IF(R17="","",R17-S17) -> 16 | U17: =IF(R17="","",IF(O17>R17,"Revisar: discapacidad "&O17&" mayor que el total "&R17,IF(OR(A17="",B17="",C17="",F17=""),"Falta año, mes, país o motivo",IF(AND(C17="Ecuador",E17=""),"Falta la ciudad","OK")))) -> OK
A18: 2025 | B18: Agosto | C18: Alemania | D18: =IF(E18="","",IFERROR(VLOOKUP(E18,'_Catalogos'!$J$2:$K$1000,2,FALSE),"")) | F18: Descanso | G18: 1 | H18: 4 | I18: 3 | J18: 1 | K18: 2 | M18: 1 | N18: 1 | P18: =IF(COUNT(G18:O18)=0,"",SUM(G18:J18)) -> 9 | Q18: =IF(COUNT(G18:O18)=0,"",SUM(K18:N18)) -> 4 | R18: =IF(P18="","",P18+Q18) -> 13 | S18: =IF(R18="","",IF(C18="Ecuador",R18,0)) -> 0 | T18: =IF(R18="","",R18-S18) -> 13 | U18: =IF(R18="","",IF(O18>R18,"Revisar: discapacidad "&O18&" mayor que el total "&R18,IF(OR(A18="",B18="",C18="",F18=""),"Falta año, mes, país o motivo",IF(AND(C18="Ecuador",E18=""),"Falta la ciudad","OK")))) -> OK
A19: 2025 | B19: Agosto | C19: Argentina | D19: =IF(E19="","",IFERROR(VLOOKUP(E19,'_Catalogos'!$J$2:$K$1000,2,FALSE),"")) | F19: Visita familiar | H19: 1 | K19: 1 | L19: 1 | M19: 1 | P19: =IF(COUNT(G19:O19)=0,"",SUM(G19:J19)) -> 1 | Q19: =IF(COUNT(G19:O19)=0,"",SUM(K19:N19)) -> 3 | R19: =IF(P19="","",P19+Q19) -> 4 | S19: =IF(R19="","",IF(C19="Ecuador",R19,0)) -> 0 | T19: =IF(R19="","",R19-S19) -> 4 | U19: =IF(R19="","",IF(O19>R19,"Revisar: discapacidad "&O19&" mayor que el total "&R19,IF(OR(A19="",B19="",C19="",F19=""),"Falta año, mes, país o motivo",IF(AND(C19="Ecuador",E19=""),"Falta la ciudad","OK")))) -> OK
A20: 2025 | B20: Septiembre | C20: Paraguay | D20: =IF(E20="","",IFERROR(VLOOKUP(E20,'_Catalogos'!$J$2:$K$1000,2,FALSE),"")) | F20: Descanso | G20: 2 | H20: 2 | I20: 2 | K20: 1 | L20: 1 | N20: 1 | P20: =IF(COUNT(G20:O20)=0,"",SUM(G20:J20)) -> 6 | Q20: =IF(COUNT(G20:O20)=0,"",SUM(K20:N20)) -> 3 | R20: =IF(P20="","",P20+Q20) -> 9 | S20: =IF(R20="","",IF(C20="Ecuador",R20,0)) -> 0 | T20: =IF(R20="","",R20-S20) -> 9 | U20: =IF(R20="","",IF(O20>R20,"Revisar: discapacidad "&O20&" mayor que el total "&R20,IF(OR(A20="",B20="",C20="",F20=""),"Falta año, mes, país o motivo",IF(AND(C20="Ecuador",E20=""),"Falta la ciudad","OK")))) -> OK
A21: 2025 | B21: Septiembre | C21: México | D21: =IF(E21="","",IFERROR(VLOOKUP(E21,'_Catalogos'!$J$2:$K$1000,2,FALSE),"")) | F21: Visita familiar | G21: 1 | H21: 1 | I21: 3 | J21: 3 | L21: 2 | M21: 1 | P21: =IF(COUNT(G21:O21)=0,"",SUM(G21:J21)) -> 8 | Q21: =IF(COUNT(G21:O21)=0,"",SUM(K21:N21)) -> 3 | R21: =IF(P21="","",P21+Q21) -> 11 | S21: =IF(R21="","",IF(C21="Ecuador",R21,0)) -> 0 | T21: =IF(R21="","",R21-S21) -> 11 | U21: =IF(R21="","",IF(O21>R21,"Revisar: discapacidad "&O21&" mayor que el total "&R21,IF(OR(A21="",B21="",C21="",F21=""),"Falta año, mes, país o motivo",IF(AND(C21="Ecuador",E21=""),"Falta la ciudad","OK")))) -> OK
A22: 2025 | B22: Octubre | C22: Estados Unidos | D22: =IF(E22="","",IFERROR(VLOOKUP(E22,'_Catalogos'!$J$2:$K$1000,2,FALSE),"")) | F22: Turismo | H22: 2 | J22: 2 | K22: 1 | L22: 2 | M22: 1 | P22: =IF(COUNT(G22:O22)=0,"",SUM(G22:J22)) -> 4 | Q22: =IF(COUNT(G22:O22)=0,"",SUM(K22:N22)) -> 4 | R22: =IF(P22="","",P22+Q22) -> 8 | S22: =IF(R22="","",IF(C22="Ecuador",R22,0)) -> 0 | T22: =IF(R22="","",R22-S22) -> 8 | U22: =IF(R22="","",IF(O22>R22,"Revisar: discapacidad "&O22&" mayor que el total "&R22,IF(OR(A22="",B22="",C22="",F22=""),"Falta año, mes, país o motivo",IF(AND(C22="Ecuador",E22=""),"Falta la ciudad","OK")))) -> OK
A23: 2025 | B23: Octubre | C23: Ecuador | D23: =IF(E23="","",IFERROR(VLOOKUP(E23,'_Catalogos'!$J$2:$K$1000,2,FALSE),"")) -> Chimborazo | E23: Riobamba | F23: Visita familiar | G23: 2 | I23: 2 | K23: 1 | L23: 2 | N23: 1 | P23: =IF(COUNT(G23:O23)=0,"",SUM(G23:J23)) -> 4 | Q23: =IF(COUNT(G23:O23)=0,"",SUM(K23:N23)) -> 4 | R23: =IF(P23="","",P23+Q23) -> 8 | S23: =IF(R23="","",IF(C23="Ecuador",R23,0)) -> 8 | T23: =IF(R23="","",R23-S23) -> 0 | U23: =IF(R23="","",IF(O23>R23,"Revisar: discapacidad "&O23&" mayor que el total "&R23,IF(OR(A23="",B23="",C23="",F23=""),"Falta año, mes, país o motivo",IF(AND(C23="Ecuador",E23=""),"Falta la ciudad","OK")))) -> OK
A24: 2025 | B24: Octubre | C24: Ecuador | D24: =IF(E24="","",IFERROR(VLOOKUP(E24,'_Catalogos'!$J$2:$K$1000,2,FALSE),"")) -> Sucumbíos | E24: Cuyabeno | F24: Visita familiar | H24: 2 | K24: 1 | L24: 1 | P24: =IF(COUNT(G24:O24)=0,"",SUM(G24:J24)) -> 2 | Q24: =IF(COUNT(G24:O24)=0,"",SUM(K24:N24)) -> 2 | R24: =IF(P24="","",P24+Q24) -> 4 | S24: =IF(R24="","",IF(C24="Ecuador",R24,0)) -> 4 | T24: =IF(R24="","",R24-S24) -> 0 | U24: =IF(R24="","",IF(O24>R24,"Revisar: discapacidad "&O24&" mayor que el total "&R24,IF(OR(A24="",B24="",C24="",F24=""),"Falta año, mes, país o motivo",IF(AND(C24="Ecuador",E24=""),"Falta la ciudad","OK")))) -> OK
A25: 2025 | B25: Octubre | C25: Ecuador | D25: =IF(E25="","",IFERROR(VLOOKUP(E25,'_Catalogos'!$J$2:$K$1000,2,FALSE),"")) -> Tungurahua | E25: Baños | F25: Gastronomía | G25: 1 | H25: 1 | I25: 2 | K25: 1 | L25: 1 | M25: 1 | N25: 2 | P25: =IF(COUNT(G25:O25)=0,"",SUM(G25:J25)) -> 4 | Q25: =IF(COUNT(G25:O25)=0,"",SUM(K25:N25)) -> 5 | R25: =IF(P25="","",P25+Q25) -> 9 | S25: =IF(R25="","",IF(C25="Ecuador",R25,0)) -> 9 | T25: =IF(R25="","",R25-S25) -> 0 | U25: =IF(R25="","",IF(O25>R25,"Revisar: discapacidad "&O25&" mayor que el total "&R25,IF(OR(A25="",B25="",C25="",F25=""),"Falta año, mes, país o motivo",IF(AND(C25="Ecuador",E25=""),"Falta la ciudad","OK")))) -> OK
A26: 2025 | B26: Noviembre | C26: Ecuador | D26: =IF(E26="","",IFERROR(VLOOKUP(E26,'_Catalogos'!$J$2:$K$1000,2,FALSE),"")) -> Chimborazo | E26: Riobamba | F26: Visita familiar | G26: 2 | H26: 1 | I26: 3 | K26: 2 | L26: 1 | N26: 1 | P26: =IF(COUNT(G26:O26)=0,"",SUM(G26:J26)) -> 6 | Q26: =IF(COUNT(G26:O26)=0,"",SUM(K26:N26)) -> 4 | R26: =IF(P26="","",P26+Q26) -> 10 | S26: =IF(R26="","",IF(C26="Ecuador",R26,0)) -> 10 | T26: =IF(R26="","",R26-S26) -> 0 | U26: =IF(R26="","",IF(O26>R26,"Revisar: discapacidad "&O26&" mayor que el total "&R26,IF(OR(A26="",B26="",C26="",F26=""),"Falta año, mes, país o motivo",IF(AND(C26="Ecuador",E26=""),"Falta la ciudad","OK")))) -> OK
A27: 2025 | B27: Noviembre | C27: Argentina | D27: =IF(E27="","",IFERROR(VLOOKUP(E27,'_Catalogos'!$J$2:$K$1000,2,FALSE),"")) | F27: Gastronomía | G27: 2 | I27: 2 | J27: 1 | K27: 2 | L27: 1 | N27: 1 | P27: =IF(COUNT(G27:O27)=0,"",SUM(G27:J27)) -> 5 | Q27: =IF(COUNT(G27:O27)=0,"",SUM(K27:N27)) -> 4 | R27: =IF(P27="","",P27+Q27) -> 9 | S27: =IF(R27="","",IF(C27="Ecuador",R27,0)) -> 0 | T27: =IF(R27="","",R27-S27) -> 9 | U27: =IF(R27="","",IF(O27>R27,"Revisar: discapacidad "&O27&" mayor que el total "&R27,IF(OR(A27="",B27="",C27="",F27=""),"Falta año, mes, país o motivo",IF(AND(C27="Ecuador",E27=""),"Falta la ciudad","OK")))) -> OK
A28: 2025 | B28: Noviembre | C28: Chad | D28: =IF(E28="","",IFERROR(VLOOKUP(E28,'_Catalogos'!$J$2:$K$1000,2,FALSE),"")) | F28: Turismo | H28: 1 | P28: =IF(COUNT(G28:O28)=0,"",SUM(G28:J28)) -> 1 | Q28: =IF(COUNT(G28:O28)=0,"",SUM(K28:N28)) -> 0 | R28: =IF(P28="","",P28+Q28) -> 1 | S28: =IF(R28="","",IF(C28="Ecuador",R28,0)) -> 0 | T28: =IF(R28="","",R28-S28) -> 1 | U28: =IF(R28="","",IF(O28>R28,"Revisar: discapacidad "&O28&" mayor que el total "&R28,IF(OR(A28="",B28="",C28="",F28=""),"Falta año, mes, país o motivo",IF(AND(C28="Ecuador",E28=""),"Falta la ciudad","OK")))) -> OK
A29: 2025 | B29: Noviembre | C29: Estados Unidos | D29: =IF(E29="","",IFERROR(VLOOKUP(E29,'_Catalogos'!$J$2:$K$1000,2,FALSE),"")) | F29: Turismo | G29: 1 | K29: 1 | L29: 1 | P29: =IF(COUNT(G29:O29)=0,"",SUM(G29:J29)) -> 1 | Q29: =IF(COUNT(G29:O29)=0,"",SUM(K29:N29)) -> 2 | R29: =IF(P29="","",P29+Q29) -> 3 | S29: =IF(R29="","",IF(C29="Ecuador",R29,0)) -> 0 | T29: =IF(R29="","",R29-S29) -> 3 | U29: =IF(R29="","",IF(O29>R29,"Revisar: discapacidad "&O29&" mayor que el total "&R29,IF(OR(A29="",B29="",C29="",F29=""),"Falta año, mes, país o motivo",IF(AND(C29="Ecuador",E29=""),"Falta la ciudad","OK")))) -> OK
A30: 2025 | B30: Diciembre | C30: Italia | D30: =IF(E30="","",IFERROR(VLOOKUP(E30,'_Catalogos'!$J$2:$K$1000,2,FALSE),"")) | F30: Descanso | G30: 2 | H30: 3 | J30: 1 | K30: 2 | L30: 2 | M30: 1 | P30: =IF(COUNT(G30:O30)=0,"",SUM(G30:J30)) -> 6 | Q30: =IF(COUNT(G30:O30)=0,"",SUM(K30:N30)) -> 5 | R30: =IF(P30="","",P30+Q30) -> 11 | S30: =IF(R30="","",IF(C30="Ecuador",R30,0)) -> 0 | T30: =IF(R30="","",R30-S30) -> 11 | U30: =IF(R30="","",IF(O30>R30,"Revisar: discapacidad "&O30&" mayor que el total "&R30,IF(OR(A30="",B30="",C30="",F30=""),"Falta año, mes, país o motivo",IF(AND(C30="Ecuador",E30=""),"Falta la ciudad","OK")))) -> OK
A31: 2025 | B31: Diciembre | C31: Ecuador | D31: =IF(E31="","",IFERROR(VLOOKUP(E31,'_Catalogos'!$J$2:$K$1000,2,FALSE),"")) -> Manabí | E31: Manta | F31: Descanso | G31: 1 | H31: 2 | I31: 2 | J31: 2 | K31: 2 | L31: 1 | N31: 3 | P31: =IF(COUNT(G31:O31)=0,"",SUM(G31:J31)) -> 7 | Q31: =IF(COUNT(G31:O31)=0,"",SUM(K31:N31)) -> 6 | R31: =IF(P31="","",P31+Q31) -> 13 | S31: =IF(R31="","",IF(C31="Ecuador",R31,0)) -> 13 | T31: =IF(R31="","",R31-S31) -> 0 | U31: =IF(R31="","",IF(O31>R31,"Revisar: discapacidad "&O31&" mayor que el total "&R31,IF(OR(A31="",B31="",C31="",F31=""),"Falta año, mes, país o motivo",IF(AND(C31="Ecuador",E31=""),"Falta la ciudad","OK")))) -> OK
A32: 2025 | B32: Diciembre | C32: Ecuador | D32: =IF(E32="","",IFERROR(VLOOKUP(E32,'_Catalogos'!$J$2:$K$1000,2,FALSE),"")) -> Tungurahua | E32: Baños | F32: Turismo | G32: 2 | K32: 2 | L32: 1 | M32: 1 | P32: =IF(COUNT(G32:O32)=0,"",SUM(G32:J32)) -> 2 | Q32: =IF(COUNT(G32:O32)=0,"",SUM(K32:N32)) -> 4 | R32: =IF(P32="","",P32+Q32) -> 6 | S32: =IF(R32="","",IF(C32="Ecuador",R32,0)) -> 6 | T32: =IF(R32="","",R32-S32) -> 0 | U32: =IF(R32="","",IF(O32>R32,"Revisar: discapacidad "&O32&" mayor que el total "&R32,IF(OR(A32="",B32="",C32="",F32=""),"Falta año, mes, país o motivo",IF(AND(C32="Ecuador",E32=""),"Falta la ciudad","OK")))) -> OK
A33: 2025 | B33: Diciembre | C33: Estados Unidos | D33: =IF(E33="","",IFERROR(VLOOKUP(E33,'_Catalogos'!$J$2:$K$1000,2,FALSE),"")) | F33: Turismo | G33: 1 | H33: 3 | I33: 1 | J33: 2 | M33: 3 | N33: 1 | P33: =IF(COUNT(G33:O33)=0,"",SUM(G33:J33)) -> 7 | Q33: =IF(COUNT(G33:O33)=0,"",SUM(K33:N33)) -> 4 | R33: =IF(P33="","",P33+Q33) -> 11 | S33: =IF(R33="","",IF(C33="Ecuador",R33,0)) -> 0 | T33: =IF(R33="","",R33-S33) -> 11 | U33: =IF(R33="","",IF(O33>R33,"Revisar: discapacidad "&O33&" mayor que el total "&R33,IF(OR(A33="",B33="",C33="",F33=""),"Falta año, mes, país o motivo",IF(AND(C33="Ecuador",E33=""),"Falta la ciudad","OK")))) -> OK
A34: 2026 | B34: Enero | C34: Indonesia | D34: =IF(E34="","",IFERROR(VLOOKUP(E34,'_Catalogos'!$J$2:$K$1000,2,FALSE),"")) | F34: Descanso | G34: 1 | H34: 2 | I34: 1 | J34: 1 | K34: 2 | L34: 1 | M34: 1 | P34: =IF(COUNT(G34:O34)=0,"",SUM(G34:J34)) -> 5 | Q34: =IF(COUNT(G34:O34)=0,"",SUM(K34:N34)) -> 4 | R34: =IF(P34="","",P34+Q34) -> 9 | S34: =IF(R34="","",IF(C34="Ecuador",R34,0)) -> 0 | T34: =IF(R34="","",R34-S34) -> 9 | U34: =IF(R34="","",IF(O34>R34,"Revisar: discapacidad "&O34&" mayor que el total "&R34,IF(OR(A34="",B34="",C34="",F34=""),"Falta año, mes, país o motivo",IF(AND(C34="Ecuador",E34=""),"Falta la ciudad","OK")))) -> OK
A35: 2026 | B35: Enero | C35: Ecuador | D35: =IF(E35="","",IFERROR(VLOOKUP(E35,'_Catalogos'!$J$2:$K$1000,2,FALSE),"")) -> Guayas | E35: Guayaquil | F35: Gastronomía | G35: 1 | H35: 2 | I35: 2 | K35: 2 | L35: 1 | N35: 1 | P35: =IF(COUNT(G35:O35)=0,"",SUM(G35:J35)) -> 5 | Q35: =IF(COUNT(G35:O35)=0,"",SUM(K35:N35)) -> 4 | R35: =IF(P35="","",P35+Q35) -> 9 | S35: =IF(R35="","",IF(C35="Ecuador",R35,0)) -> 9 | T35: =IF(R35="","",R35-S35) -> 0 | U35: =IF(R35="","",IF(O35>R35,"Revisar: discapacidad "&O35&" mayor que el total "&R35,IF(OR(A35="",B35="",C35="",F35=""),"Falta año, mes, país o motivo",IF(AND(C35="Ecuador",E35=""),"Falta la ciudad","OK")))) -> OK
A36: 2026 | B36: Enero | C36: Ecuador | D36: =IF(E36="","",IFERROR(VLOOKUP(E36,'_Catalogos'!$J$2:$K$1000,2,FALSE),"")) -> Tungurahua | E36: Ambato | F36: Turismo | H36: 4 | I36: 3 | J36: 1 | K36: 2 | L36: 2 | M36: 2 | P36: =IF(COUNT(G36:O36)=0,"",SUM(G36:J36)) -> 8 | Q36: =IF(COUNT(G36:O36)=0,"",SUM(K36:N36)) -> 6 | R36: =IF(P36="","",P36+Q36) -> 14 | S36: =IF(R36="","",IF(C36="Ecuador",R36,0)) -> 14 | T36: =IF(R36="","",R36-S36) -> 0 | U36: =IF(R36="","",IF(O36>R36,"Revisar: discapacidad "&O36&" mayor que el total "&R36,IF(OR(A36="",B36="",C36="",F36=""),"Falta año, mes, país o motivo",IF(AND(C36="Ecuador",E36=""),"Falta la ciudad","OK")))) -> OK
A37: 2026 | B37: Enero | C37: Ecuador | D37: =IF(E37="","",IFERROR(VLOOKUP(E37,'_Catalogos'!$J$2:$K$1000,2,FALSE),"")) -> Tungurahua | E37: Baños | F37: Turismo | I37: 2 | K37: 1 | L37: 2 | P37: =IF(COUNT(G37:O37)=0,"",SUM(G37:J37)) -> 2 | Q37: =IF(COUNT(G37:O37)=0,"",SUM(K37:N37)) -> 3 | R37: =IF(P37="","",P37+Q37) -> 5 | S37: =IF(R37="","",IF(C37="Ecuador",R37,0)) -> 5 | T37: =IF(R37="","",R37-S37) -> 0 | U37: =IF(R37="","",IF(O37>R37,"Revisar: discapacidad "&O37&" mayor que el total "&R37,IF(OR(A37="",B37="",C37="",F37=""),"Falta año, mes, país o motivo",IF(AND(C37="Ecuador",E37=""),"Falta la ciudad","OK")))) -> OK
A38: 2026 | B38: Enero | C38: Ecuador | D38: =IF(E38="","",IFERROR(VLOOKUP(E38,'_Catalogos'!$J$2:$K$1000,2,FALSE),"")) -> Loja | E38: Loja | F38: Turismo | G38: 1 | K38: 3 | L38: 1 | M38: 1 | P38: =IF(COUNT(G38:O38)=0,"",SUM(G38:J38)) -> 1 | Q38: =IF(COUNT(G38:O38)=0,"",SUM(K38:N38)) -> 5 | R38: =IF(P38="","",P38+Q38) -> 6 | S38: =IF(R38="","",IF(C38="Ecuador",R38,0)) -> 6 | T38: =IF(R38="","",R38-S38) -> 0 | U38: =IF(R38="","",IF(O38>R38,"Revisar: discapacidad "&O38&" mayor que el total "&R38,IF(OR(A38="",B38="",C38="",F38=""),"Falta año, mes, país o motivo",IF(AND(C38="Ecuador",E38=""),"Falta la ciudad","OK")))) -> OK
A39: 2026 | B39: Febrero | C39: Perú | D39: =IF(E39="","",IFERROR(VLOOKUP(E39,'_Catalogos'!$J$2:$K$1000,2,FALSE),"")) | F39: Ocio | G39: 1 | H39: 1 | I39: 1 | J39: 3 | K39: 1 | L39: 5 | N39: 2 | P39: =IF(COUNT(G39:O39)=0,"",SUM(G39:J39)) -> 6 | Q39: =IF(COUNT(G39:O39)=0,"",SUM(K39:N39)) -> 8 | R39: =IF(P39="","",P39+Q39) -> 14 | S39: =IF(R39="","",IF(C39="Ecuador",R39,0)) -> 0 | T39: =IF(R39="","",R39-S39) -> 14 | U39: =IF(R39="","",IF(O39>R39,"Revisar: discapacidad "&O39&" mayor que el total "&R39,IF(OR(A39="",B39="",C39="",F39=""),"Falta año, mes, país o motivo",IF(AND(C39="Ecuador",E39=""),"Falta la ciudad","OK")))) -> OK
A40: 2026 | B40: Febrero | C40: España | D40: =IF(E40="","",IFERROR(VLOOKUP(E40,'_Catalogos'!$J$2:$K$1000,2,FALSE),"")) | F40: Evento | G40: 2 | H40: 2 | I40: 1 | J40: 2 | K40: 2 | L40: 3 | M40: 4 | P40: =IF(COUNT(G40:O40)=0,"",SUM(G40:J40)) -> 7 | Q40: =IF(COUNT(G40:O40)=0,"",SUM(K40:N40)) -> 9 | R40: =IF(P40="","",P40+Q40) -> 16 | S40: =IF(R40="","",IF(C40="Ecuador",R40,0)) -> 0 | T40: =IF(R40="","",R40-S40) -> 16 | U40: =IF(R40="","",IF(O40>R40,"Revisar: discapacidad "&O40&" mayor que el total "&R40,IF(OR(A40="",B40="",C40="",F40=""),"Falta año, mes, país o motivo",IF(AND(C40="Ecuador",E40=""),"Falta la ciudad","OK")))) -> OK
A41: 2026 | B41: Marzo | C41: Canadá | D41: =IF(E41="","",IFERROR(VLOOKUP(E41,'_Catalogos'!$J$2:$K$1000,2,FALSE),"")) | F41: Evento | G41: 2 | H41: 2 | I41: 4 | K41: 2 | L41: 3 | M41: 3 | N41: 1 | P41: =IF(COUNT(G41:O41)=0,"",SUM(G41:J41)) -> 8 | Q41: =IF(COUNT(G41:O41)=0,"",SUM(K41:N41)) -> 9 | R41: =IF(P41="","",P41+Q41) -> 17 | S41: =IF(R41="","",IF(C41="Ecuador",R41,0)) -> 0 | T41: =IF(R41="","",R41-S41) -> 17 | U41: =IF(R41="","",IF(O41>R41,"Revisar: discapacidad "&O41&" mayor que el total "&R41,IF(OR(A41="",B41="",C41="",F41=""),"Falta año, mes, país o motivo",IF(AND(C41="Ecuador",E41=""),"Falta la ciudad","OK")))) -> OK
A42: 2026 | B42: Marzo | C42: Ecuador | D42: =IF(E42="","",IFERROR(VLOOKUP(E42,'_Catalogos'!$J$2:$K$1000,2,FALSE),"")) -> Tungurahua | E42: Baños | F42: Descanso | G42: 3 | H42: 2 | K42: 3 | L42: 1 | M42: 1 | N42: 1 | P42: =IF(COUNT(G42:O42)=0,"",SUM(G42:J42)) -> 5 | Q42: =IF(COUNT(G42:O42)=0,"",SUM(K42:N42)) -> 6 | R42: =IF(P42="","",P42+Q42) -> 11 | S42: =IF(R42="","",IF(C42="Ecuador",R42,0)) -> 11 | T42: =IF(R42="","",R42-S42) -> 0 | U42: =IF(R42="","",IF(O42>R42,"Revisar: discapacidad "&O42&" mayor que el total "&R42,IF(OR(A42="",B42="",C42="",F42=""),"Falta año, mes, país o motivo",IF(AND(C42="Ecuador",E42=""),"Falta la ciudad","OK")))) -> OK
A43: 2026 | B43: Marzo | C43: México | D43: =IF(E43="","",IFERROR(VLOOKUP(E43,'_Catalogos'!$J$2:$K$1000,2,FALSE),"")) | F43: Turismo | G43: 1 | L43: 2 | M43: 1 | O43: 2 | P43: =IF(COUNT(G43:O43)=0,"",SUM(G43:J43)) -> 1 | Q43: =IF(COUNT(G43:O43)=0,"",SUM(K43:N43)) -> 3 | R43: =IF(P43="","",P43+Q43) -> 4 | S43: =IF(R43="","",IF(C43="Ecuador",R43,0)) -> 0 | T43: =IF(R43="","",R43-S43) -> 4 | U43: =IF(R43="","",IF(O43>R43,"Revisar: discapacidad "&O43&" mayor que el total "&R43,IF(OR(A43="",B43="",C43="",F43=""),"Falta año, mes, país o motivo",IF(AND(C43="Ecuador",E43=""),"Falta la ciudad","OK")))) -> OK
A44: 2026 | B44: Abril | C44: Estados Unidos | D44: =IF(E44="","",IFERROR(VLOOKUP(E44,'_Catalogos'!$J$2:$K$1000,2,FALSE),"")) | F44: Turismo | H44: 2 | I44: 1 | K44: 3 | M44: 1 | N44: 1 | P44: =IF(COUNT(G44:O44)=0,"",SUM(G44:J44)) -> 3 | Q44: =IF(COUNT(G44:O44)=0,"",SUM(K44:N44)) -> 5 | R44: =IF(P44="","",P44+Q44) -> 8 | S44: =IF(R44="","",IF(C44="Ecuador",R44,0)) -> 0 | T44: =IF(R44="","",R44-S44) -> 8 | U44: =IF(R44="","",IF(O44>R44,"Revisar: discapacidad "&O44&" mayor que el total "&R44,IF(OR(A44="",B44="",C44="",F44=""),"Falta año, mes, país o motivo",IF(AND(C44="Ecuador",E44=""),"Falta la ciudad","OK")))) -> OK
A45: 2026 | B45: Abril | C45: España | D45: =IF(E45="","",IFERROR(VLOOKUP(E45,'_Catalogos'!$J$2:$K$1000,2,FALSE),"")) | F45: Negocios | G45: 1 | H45: 1 | I45: 1 | K45: 3 | L45: 4 | N45: 2 | O45: 2 | P45: =IF(COUNT(G45:O45)=0,"",SUM(G45:J45)) -> 3 | Q45: =IF(COUNT(G45:O45)=0,"",SUM(K45:N45)) -> 9 | R45: =IF(P45="","",P45+Q45) -> 12 | S45: =IF(R45="","",IF(C45="Ecuador",R45,0)) -> 0 | T45: =IF(R45="","",R45-S45) -> 12 | U45: =IF(R45="","",IF(O45>R45,"Revisar: discapacidad "&O45&" mayor que el total "&R45,IF(OR(A45="",B45="",C45="",F45=""),"Falta año, mes, país o motivo",IF(AND(C45="Ecuador",E45=""),"Falta la ciudad","OK")))) -> OK
A46: 2026 | B46: Mayo | C46: Perú | D46: =IF(E46="","",IFERROR(VLOOKUP(E46,'_Catalogos'!$J$2:$K$1000,2,FALSE),"")) | F46: Turismo | G46: 1 | L46: 1 | M46: 1 | N46: 1 | P46: =IF(COUNT(G46:O46)=0,"",SUM(G46:J46)) -> 1 | Q46: =IF(COUNT(G46:O46)=0,"",SUM(K46:N46)) -> 3 | R46: =IF(P46="","",P46+Q46) -> 4 | S46: =IF(R46="","",IF(C46="Ecuador",R46,0)) -> 0 | T46: =IF(R46="","",R46-S46) -> 4 | U46: =IF(R46="","",IF(O46>R46,"Revisar: discapacidad "&O46&" mayor que el total "&R46,IF(OR(A46="",B46="",C46="",F46=""),"Falta año, mes, país o motivo",IF(AND(C46="Ecuador",E46=""),"Falta la ciudad","OK")))) -> OK
A47: 2026 | B47: Mayo | C47: Ecuador | D47: =IF(E47="","",IFERROR(VLOOKUP(E47,'_Catalogos'!$J$2:$K$1000,2,FALSE),"")) -> Cotopaxi | E47: Latacunga | F47: Visita familiar | G47: 2 | H47: 2 | J47: 1 | K47: 1 | L47: 2 | M47: 1 | P47: =IF(COUNT(G47:O47)=0,"",SUM(G47:J47)) -> 5 | Q47: =IF(COUNT(G47:O47)=0,"",SUM(K47:N47)) -> 4 | R47: =IF(P47="","",P47+Q47) -> 9 | S47: =IF(R47="","",IF(C47="Ecuador",R47,0)) -> 9 | T47: =IF(R47="","",R47-S47) -> 0 | U47: =IF(R47="","",IF(O47>R47,"Revisar: discapacidad "&O47&" mayor que el total "&R47,IF(OR(A47="",B47="",C47="",F47=""),"Falta año, mes, país o motivo",IF(AND(C47="Ecuador",E47=""),"Falta la ciudad","OK")))) -> OK
A48: 2026 | B48: Mayo | C48: Ecuador | D48: =IF(E48="","",IFERROR(VLOOKUP(E48,'_Catalogos'!$J$2:$K$1000,2,FALSE),"")) -> Tungurahua | E48: Pelileo | F48: Gastronomía | H48: 1 | I48: 1 | J48: 1 | K48: 2 | L48: 3 | M48: 2 | P48: =IF(COUNT(G48:O48)=0,"",SUM(G48:J48)) -> 3 | Q48: =IF(COUNT(G48:O48)=0,"",SUM(K48:N48)) -> 7 | R48: =IF(P48="","",P48+Q48) -> 10 | S48: =IF(R48="","",IF(C48="Ecuador",R48,0)) -> 10 | T48: =IF(R48="","",R48-S48) -> 0 | U48: =IF(R48="","",IF(O48>R48,"Revisar: discapacidad "&O48&" mayor que el total "&R48,IF(OR(A48="",B48="",C48="",F48=""),"Falta año, mes, país o motivo",IF(AND(C48="Ecuador",E48=""),"Falta la ciudad","OK")))) -> OK
A49: 2026 | B49: Junio | C49: Estados Unidos | D49: =IF(E49="","",IFERROR(VLOOKUP(E49,'_Catalogos'!$J$2:$K$1000,2,FALSE),"")) | F49: Gastronomía | G49: 2 | H49: 1 | K49: 2 | L49: 1 | M49: 2 | P49: =IF(COUNT(G49:O49)=0,"",SUM(G49:J49)) -> 3 | Q49: =IF(COUNT(G49:O49)=0,"",SUM(K49:N49)) -> 5 | R49: =IF(P49="","",P49+Q49) -> 8 | S49: =IF(R49="","",IF(C49="Ecuador",R49,0)) -> 0 | T49: =IF(R49="","",R49-S49) -> 8 | U49: =IF(R49="","",IF(O49>R49,"Revisar: discapacidad "&O49&" mayor que el total "&R49,IF(OR(A49="",B49="",C49="",F49=""),"Falta año, mes, país o motivo",IF(AND(C49="Ecuador",E49=""),"Falta la ciudad","OK")))) -> OK
A50: 2026 | B50: Junio | C50: Ecuador | D50: =IF(E50="","",IFERROR(VLOOKUP(E50,'_Catalogos'!$J$2:$K$1000,2,FALSE),"")) -> Manabí | E50: Manta | F50: Visita familiar | G50: 1 | H50: 3 | K50: 1 | L50: 4 | M50: 2 | P50: =IF(COUNT(G50:O50)=0,"",SUM(G50:J50)) -> 4 | Q50: =IF(COUNT(G50:O50)=0,"",SUM(K50:N50)) -> 7 | R50: =IF(P50="","",P50+Q50) -> 11 | S50: =IF(R50="","",IF(C50="Ecuador",R50,0)) -> 11 | T50: =IF(R50="","",R50-S50) -> 0 | U50: =IF(R50="","",IF(O50>R50,"Revisar: discapacidad "&O50&" mayor que el total "&R50,IF(OR(A50="",B50="",C50="",F50=""),"Falta año, mes, país o motivo",IF(AND(C50="Ecuador",E50=""),"Falta la ciudad","OK")))) -> OK
A51: 2026 | B51: Junio | C51: Ecuador | D51: =IF(E51="","",IFERROR(VLOOKUP(E51,'_Catalogos'!$J$2:$K$1000,2,FALSE),"")) -> Loja | E51: Loja | F51: Gastronomía | G51: 3 | H51: 3 | I51: 2 | K51: 2 | L51: 3 | M51: 1 | P51: =IF(COUNT(G51:O51)=0,"",SUM(G51:J51)) -> 8 | Q51: =IF(COUNT(G51:O51)=0,"",SUM(K51:N51)) -> 6 | R51: =IF(P51="","",P51+Q51) -> 14 | S51: =IF(R51="","",IF(C51="Ecuador",R51,0)) -> 14 | T51: =IF(R51="","",R51-S51) -> 0 | U51: =IF(R51="","",IF(O51>R51,"Revisar: discapacidad "&O51&" mayor que el total "&R51,IF(OR(A51="",B51="",C51="",F51=""),"Falta año, mes, país o motivo",IF(AND(C51="Ecuador",E51=""),"Falta la ciudad","OK")))) -> OK
A52: 2026 | B52: Julio | C52: Ecuador | D52: =IF(E52="","",IFERROR(VLOOKUP(E52,'_Catalogos'!$J$2:$K$1000,2,FALSE),"")) -> Orellana | E52: Aguarico | F52: Turismo | G52: 3 | H52: 3 | I52: 1 | K52: 1 | L52: 3 | M52: 1 | N52: 1 | P52: =IF(COUNT(G52:O52)=0,"",SUM(G52:J52)) -> 7 | Q52: =IF(COUNT(G52:O52)=0,"",SUM(K52:N52)) -> 6 | R52: =IF(P52="","",P52+Q52) -> 13 | S52: =IF(R52="","",IF(C52="Ecuador",R52,0)) -> 13 | T52: =IF(R52="","",R52-S52) -> 0 | U52: =IF(R52="","",IF(O52>R52,"Revisar: discapacidad "&O52&" mayor que el total "&R52,IF(OR(A52="",B52="",C52="",F52=""),"Falta año, mes, país o motivo",IF(AND(C52="Ecuador",E52=""),"Falta la ciudad","OK")))) -> OK
A53: 2026 | B53: Julio | C53: Ecuador | D53: =IF(E53="","",IFERROR(VLOOKUP(E53,'_Catalogos'!$J$2:$K$1000,2,FALSE),"")) -> El Oro | E53: Machala | F53: Gastronomía | G53: 1 | H53: 1 | I53: 3 | K53: 1 | L53: 2 | M53: 1 | N53: 2 | P53: =IF(COUNT(G53:O53)=0,"",SUM(G53:J53)) -> 5 | Q53: =IF(COUNT(G53:O53)=0,"",SUM(K53:N53)) -> 6 | R53: =IF(P53="","",P53+Q53) -> 11 | S53: =IF(R53="","",IF(C53="Ecuador",R53,0)) -> 11 | T53: =IF(R53="","",R53-S53) -> 0 | U53: =IF(R53="","",IF(O53>R53,"Revisar: discapacidad "&O53&" mayor que el total "&R53,IF(OR(A53="",B53="",C53="",F53=""),"Falta año, mes, país o motivo",IF(AND(C53="Ecuador",E53=""),"Falta la ciudad","OK")))) -> OK
A54: 2026 | B54: Julio | C54: Panamá | D54: =IF(E54="","",IFERROR(VLOOKUP(E54,'_Catalogos'!$J$2:$K$1000,2,FALSE),"")) | F54: Turismo | G54: 1 | H54: 3 | I54: 1 | J54: 1 | K54: 1 | L54: 1 | M54: 3 | P54: =IF(COUNT(G54:O54)=0,"",SUM(G54:J54)) -> 6 | Q54: =IF(COUNT(G54:O54)=0,"",SUM(K54:N54)) -> 5 | R54: =IF(P54="","",P54+Q54) -> 11 | S54: =IF(R54="","",IF(C54="Ecuador",R54,0)) -> 0 | T54: =IF(R54="","",R54-S54) -> 11 | U54: =IF(R54="","",IF(O54>R54,"Revisar: discapacidad "&O54&" mayor que el total "&R54,IF(OR(A54="",B54="",C54="",F54=""),"Falta año, mes, país o motivo",IF(AND(C54="Ecuador",E54=""),"Falta la ciudad","OK")))) -> OK
A55: 2026 | B55: Agosto | C55: Francia | D55: =IF(E55="","",IFERROR(VLOOKUP(E55,'_Catalogos'!$J$2:$K$1000,2,FALSE),"")) | F55: Visita familiar | H55: 2 | L55: 3 | M55: 1 | N55: 1 | P55: =IF(COUNT(G55:O55)=0,"",SUM(G55:J55)) -> 2 | Q55: =IF(COUNT(G55:O55)=0,"",SUM(K55:N55)) -> 5 | R55: =IF(P55="","",P55+Q55) -> 7 | S55: =IF(R55="","",IF(C55="Ecuador",R55,0)) -> 0 | T55: =IF(R55="","",R55-S55) -> 7 | U55: =IF(R55="","",IF(O55>R55,"Revisar: discapacidad "&O55&" mayor que el total "&R55,IF(OR(A55="",B55="",C55="",F55=""),"Falta año, mes, país o motivo",IF(AND(C55="Ecuador",E55=""),"Falta la ciudad","OK")))) -> OK
